{
  "generated_at": "2026-07-23T00:07:02.161807+00:00",
  "html_report": "data_drift_20260723T000701Z.html",
  "window_size": 50,
  "feature_scores": {
    "speed_mph": 1.5125423168580682e-12,
    "brake_pressure": 4.2783105102506104e-12,
    "lidar_temp_c": 3.256281496101024e-14,
    "compute_load_pct": 3.182844566615983e-11
  },
  "drifted_feature_count": 4,
  "max_drift_score": 3.182844566615983e-11
}