{
  "generated_at": "2026-07-23T00:18:07.000479+00:00",
  "html_report": "data_drift_20260723T001806Z.html",
  "window_size": 50,
  "feature_scores": {
    "speed_mph": 7.129672607494152e-12,
    "brake_pressure": 1.3325062990964316e-09,
    "lidar_temp_c": 7.543605020950727e-09,
    "compute_load_pct": 2.737269745456871e-07
  },
  "drifted_feature_count": 4,
  "max_drift_score": 2.737269745456871e-07
}