{
  "generated_at": "2026-07-23T00:10:29.018543+00:00",
  "html_report": "data_drift_20260723T001028Z.html",
  "window_size": 50,
  "feature_scores": {
    "speed_mph": 7.129672607494152e-12,
    "brake_pressure": 3.182844566615983e-11,
    "lidar_temp_c": 1.1809820393606536e-11,
    "compute_load_pct": 1.1480481751200985e-08
  },
  "drifted_feature_count": 4,
  "max_drift_score": 1.1480481751200985e-08
}