{
  "generated_at": "2026-07-23T00:08:57.997569+00:00",
  "html_report": "data_drift_20260723T000857Z.html",
  "window_size": 50,
  "feature_scores": {
    "speed_mph": 3.034193927177243e-13,
    "brake_pressure": 5.216065643350572e-13,
    "lidar_temp_c": 1.3325062990964316e-09,
    "compute_load_pct": 7.129672607494152e-12
  },
  "drifted_feature_count": 4,
  "max_drift_score": 1.3325062990964316e-09
}