{
  "generated_at": "2026-07-23T00:03:44.086627+00:00",
  "html_report": "data_drift_20260723T000343Z.html",
  "window_size": 50,
  "feature_scores": {
    "speed_mph": 5.419238756078555e-10,
    "brake_pressure": 7.543605020950727e-09,
    "lidar_temp_c": 2.6171156558240124e-08,
    "compute_load_pct": 3.976456018982548e-07
  },
  "drifted_feature_count": 4,
  "max_drift_score": 3.976456018982548e-07
}