{
  "generated_at": "2026-07-23T00:18:47.029823+00:00",
  "html_report": "data_drift_20260723T001846Z.html",
  "window_size": 50,
  "feature_scores": {
    "speed_mph": 3.034193927177243e-13,
    "brake_pressure": 1.0070868396104524e-13,
    "lidar_temp_c": 4.2783105102506104e-12,
    "compute_load_pct": 8.52135389578318e-10
  },
  "drifted_feature_count": 4,
  "max_drift_score": 8.52135389578318e-10
}