{
  "generated_at": "2026-07-23T00:04:36.080945+00:00",
  "html_report": "data_drift_20260723T000435Z.html",
  "window_size": 50,
  "feature_scores": {
    "speed_mph": 2.6171156558240124e-08,
    "brake_pressure": 2.6171156558240124e-08,
    "lidar_temp_c": 1.8747848610628524e-07,
    "compute_load_pct": 1.6849772964595359e-06
  },
  "drifted_feature_count": 4,
  "max_drift_score": 1.6849772964595359e-06
}