{
  "generated_at": "2026-07-23T00:05:57.089006+00:00",
  "html_report": "data_drift_20260723T000556Z.html",
  "window_size": 50,
  "feature_scores": {
    "speed_mph": 7.604638639694081e-17,
    "brake_pressure": 8.3102294558521e-20,
    "lidar_temp_c": 2.6171156558240124e-08,
    "compute_load_pct": 1.0070868396104524e-13
  },
  "drifted_feature_count": 4,
  "max_drift_score": 2.6171156558240124e-08
}