{
  "generated_at": "2026-07-23T00:07:16.040549+00:00",
  "html_report": "data_drift_20260723T000715Z.html",
  "window_size": 50,
  "feature_scores": {
    "speed_mph": 5.179168251277617e-11,
    "brake_pressure": 1.3476500236572368e-10,
    "lidar_temp_c": 1.3476500236572368e-10,
    "compute_load_pct": 1.1831420237665045e-06
  },
  "drifted_feature_count": 4,
  "max_drift_score": 1.1831420237665045e-06
}