{
  "generated_at": "2026-07-23T00:18:13.027227+00:00",
  "html_report": "data_drift_20260723T001812Z.html",
  "window_size": 50,
  "feature_scores": {
    "speed_mph": 1.0250772442945007e-14,
    "brake_pressure": 5.74554047091379e-14,
    "lidar_temp_c": 5.692897362062368e-15,
    "compute_load_pct": 7.129672607494152e-12
  },
  "drifted_feature_count": 4,
  "max_drift_score": 7.129672607494152e-12
}