{
  "generated_at": "2026-07-23T00:11:36.110414+00:00",
  "html_report": "data_drift_20260723T001135Z.html",
  "window_size": 50,
  "feature_scores": {
    "speed_mph": 5.419238756078555e-10,
    "brake_pressure": 4.930332895000974e-09,
    "lidar_temp_c": 1.1480481751200985e-08,
    "compute_load_pct": 8.661678516243333e-08
  },
  "drifted_feature_count": 4,
  "max_drift_score": 8.661678516243333e-08
}