{
  "generated_at": "2026-07-23T00:06:02.025097+00:00",
  "html_report": "data_drift_20260723T000601Z.html",
  "window_size": 50,
  "feature_scores": {
    "speed_mph": 7.604638639694081e-17,
    "brake_pressure": 3.9858663257973207e-17,
    "lidar_temp_c": 3.256281496101024e-14,
    "compute_load_pct": 1.8331928140595696e-14
  },
  "drifted_feature_count": 4,
  "max_drift_score": 3.256281496101024e-14
}