{
  "generated_at": "2026-07-23T00:08:35.035403+00:00",
  "html_report": "data_drift_20260723T000834Z.html",
  "window_size": 50,
  "feature_scores": {
    "speed_mph": 5.692897362062368e-15,
    "brake_pressure": 1.8331928140595696e-14,
    "lidar_temp_c": 7.129672607494152e-12,
    "compute_load_pct": 8.378637194444722e-11
  },
  "drifted_feature_count": 4,
  "max_drift_score": 8.378637194444722e-11
}