{
  "generated_at": "2026-07-23T00:04:00.108250+00:00",
  "html_report": "data_drift_20260723T000359Z.html",
  "window_size": 50,
  "feature_scores": {
    "speed_mph": 0.007773653084378677,
    "brake_pressure": 0.011830234490631576,
    "lidar_temp_c": 0.07485828029796848,
    "compute_load_pct": 0.02150961809529076
  },
  "drifted_feature_count": 4,
  "max_drift_score": 0.07485828029796848
}