{
  "generated_at": "2026-07-23T00:06:35.998633+00:00",
  "html_report": "data_drift_20260723T000635Z.html",
  "window_size": 50,
  "feature_scores": {
    "speed_mph": 2.1552232953672983e-10,
    "brake_pressure": 1.7379453511042597e-08,
    "lidar_temp_c": 5.74778329932506e-07,
    "compute_load_pct": 2.072234044508264e-09
  },
  "drifted_feature_count": 4,
  "max_drift_score": 5.74778329932506e-07
}