{
  "generated_at": "2026-07-23T00:02:52.079352+00:00",
  "html_report": "data_drift_20260723T000251Z.html",
  "window_size": 50,
  "feature_scores": {
    "speed_mph": 0.6953180375733088,
    "brake_pressure": 0.747814094295913,
    "lidar_temp_c": 0.9220286966305022,
    "compute_load_pct": 0.8448008938170072
  },
  "drifted_feature_count": 4,
  "max_drift_score": 0.9220286966305022
}