{
  "generated_at": "2026-07-23T00:07:22.058360+00:00",
  "html_report": "data_drift_20260723T000721Z.html",
  "window_size": 50,
  "feature_scores": {
    "speed_mph": 1.7537231580038654e-13,
    "brake_pressure": 3.034193927177243e-13,
    "lidar_temp_c": 7.129672607494152e-12,
    "compute_load_pct": 5.179168251277617e-11
  },
  "drifted_feature_count": 4,
  "max_drift_score": 5.179168251277617e-11
}