{
  "generated_at": "2026-07-23T00:03:45.099313+00:00",
  "html_report": "data_drift_20260723T000344Z.html",
  "window_size": 50,
  "feature_scores": {
    "speed_mph": 3.205053315887109e-09,
    "brake_pressure": 1.1480481751200985e-08,
    "lidar_temp_c": 5.74778329932506e-07,
    "compute_load_pct": 4.72677170410894e-06
  },
  "drifted_feature_count": 4,
  "max_drift_score": 4.72677170410894e-06
}