{
  "generated_at": "2026-07-23T00:07:15.072690+00:00",
  "html_report": "data_drift_20260723T000714Z.html",
  "window_size": 50,
  "feature_scores": {
    "speed_mph": 2.072234044508264e-09,
    "brake_pressure": 4.930332895000974e-09,
    "lidar_temp_c": 3.205053315887109e-09,
    "compute_load_pct": 3.976456018982548e-07
  },
  "drifted_feature_count": 4,
  "max_drift_score": 3.976456018982548e-07
}