{
  "generated_at": "2026-07-23T00:18:03.071849+00:00",
  "html_report": "data_drift_20260723T001802Z.html",
  "window_size": 50,
  "feature_scores": {
    "speed_mph": 2.1552232953672983e-10,
    "brake_pressure": 3.205053315887109e-09,
    "lidar_temp_c": 1.3325062990964316e-09,
    "compute_load_pct": 5.842394211803587e-08
  },
  "drifted_feature_count": 4,
  "max_drift_score": 5.842394211803587e-08
}