{
  "generated_at": "2026-07-23T00:08:31.064339+00:00",
  "html_report": "data_drift_20260723T000830Z.html",
  "window_size": 50,
  "feature_scores": {
    "speed_mph": 5.692897362062368e-15,
    "brake_pressure": 1.0250772442945007e-14,
    "lidar_temp_c": 2.1552232953672983e-10,
    "compute_load_pct": 1.3476500236572368e-10
  },
  "drifted_feature_count": 4,
  "max_drift_score": 2.1552232953672983e-10
}