{
  "generated_at": "2026-07-23T00:06:59.028273+00:00",
  "html_report": "data_drift_20260723T000658Z.html",
  "window_size": 50,
  "feature_scores": {
    "speed_mph": 1.7379453511042597e-08,
    "brake_pressure": 7.543605020950727e-09,
    "lidar_temp_c": 3.205053315887109e-09,
    "compute_load_pct": 3.3678002460436764e-06
  },
  "drifted_feature_count": 4,
  "max_drift_score": 3.3678002460436764e-06
}