{
  "generated_at": "2026-07-23T00:17:35.188753+00:00",
  "html_report": "data_drift_20260723T001734Z.html",
  "window_size": 50,
  "feature_scores": {
    "speed_mph": 4.0124739230285465e-20,
    "brake_pressure": 1.7060493351707834e-19,
    "lidar_temp_c": 2.706309772372463e-16,
    "compute_load_pct": 1.7196131675749554e-15
  },
  "drifted_feature_count": 4,
  "max_drift_score": 1.7196131675749554e-15
}