{
  "generated_at": "2026-07-23T00:02:49.054287+00:00",
  "html_report": "data_drift_20260723T000248Z.html",
  "window_size": 50,
  "feature_scores": {
    "speed_mph": 0.08797016298952011,
    "brake_pressure": 0.07485828029796848,
    "lidar_temp_c": 0.1392374204800615,
    "compute_load_pct": 0.5364540911220734
  },
  "drifted_feature_count": 4,
  "max_drift_score": 0.5364540911220734
}