{
  "generated_at": "2026-07-23T00:07:49.015599+00:00",
  "html_report": "data_drift_20260723T000748Z.html",
  "window_size": 50,
  "feature_scores": {
    "speed_mph": 2.706309772372463e-16,
    "brake_pressure": 3.1398105328036254e-15,
    "lidar_temp_c": 1.7379453511042597e-08,
    "compute_load_pct": 1.9445425227899833e-11
  },
  "drifted_feature_count": 4,
  "max_drift_score": 1.7379453511042597e-08
}