{
  "generated_at": "2026-07-23T00:07:52.006658+00:00",
  "html_report": "data_drift_20260723T000751Z.html",
  "window_size": 50,
  "feature_scores": {
    "speed_mph": 1.0250772442945007e-14,
    "brake_pressure": 9.351430761923555e-16,
    "lidar_temp_c": 2.1552232953672983e-10,
    "compute_load_pct": 2.1552232953672983e-10
  },
  "drifted_feature_count": 4,
  "max_drift_score": 2.1552232953672983e-10
}