{
  "generated_at": "2026-07-23T00:05:20.044721+00:00",
  "html_report": "data_drift_20260723T000519Z.html",
  "window_size": 50,
  "feature_scores": {
    "speed_mph": 1.2907020026781262e-24,
    "brake_pressure": 7.11172291623783e-24,
    "lidar_temp_c": 1.9200984297364184e-20,
    "compute_load_pct": 1.990815183917944e-21
  },
  "drifted_feature_count": 4,
  "max_drift_score": 1.9200984297364184e-20
}