{
  "generated_at": "2026-07-23T00:17:34.029791+00:00",
  "html_report": "data_drift_20260723T001733Z.html",
  "window_size": 50,
  "feature_scores": {
    "speed_mph": 7.007002724420268e-19,
    "brake_pressure": 2.7829882737674886e-18,
    "lidar_temp_c": 3.1398105328036254e-15,
    "compute_load_pct": 1.7196131675749554e-15
  },
  "drifted_feature_count": 4,
  "max_drift_score": 3.1398105328036254e-15
}