{
  "generated_at": "2026-07-23T00:09:01.043071+00:00",
  "html_report": "data_drift_20260723T000900Z.html",
  "window_size": 50,
  "feature_scores": {
    "speed_mph": 1.0250772442945007e-14,
    "brake_pressure": 1.0070868396104524e-13,
    "lidar_temp_c": 1.8331928140595696e-14,
    "compute_load_pct": 1.5125423168580682e-12
  },
  "drifted_feature_count": 4,
  "max_drift_score": 1.5125423168580682e-12
}