{
  "generated_at": "2026-07-23T00:05:46.071711+00:00",
  "html_report": "data_drift_20260723T000545Z.html",
  "window_size": 50,
  "feature_scores": {
    "speed_mph": 1.0699689423937606e-17,
    "brake_pressure": 3.9858663257973207e-17,
    "lidar_temp_c": 1.1809820393606536e-11,
    "compute_load_pct": 5.692897362062368e-15
  },
  "drifted_feature_count": 4,
  "max_drift_score": 1.1809820393606536e-11
}