{
  "generated_at": "2026-07-23T00:09:54.034533+00:00",
  "html_report": "data_drift_20260723T000953Z.html",
  "window_size": 50,
  "feature_scores": {
    "speed_mph": 9.351430761923555e-16,
    "brake_pressure": 2.706309772372463e-16,
    "lidar_temp_c": 3.1398105328036254e-15,
    "compute_load_pct": 1.7196131675749554e-15
  },
  "drifted_feature_count": 4,
  "max_drift_score": 3.1398105328036254e-15
}