{
  "generated_at": "2026-07-23T00:12:29.333958+00:00",
  "html_report": "data_drift_20260723T001227Z.html",
  "window_size": 50,
  "feature_scores": {
    "speed_mph": 1.1809820393606536e-11,
    "brake_pressure": 3.182844566615983e-11,
    "lidar_temp_c": 3.182844566615983e-11,
    "compute_load_pct": 1.3325062990964316e-09
  },
  "drifted_feature_count": 4,
  "max_drift_score": 1.3325062990964316e-09
}