{
  "generated_at": "2026-07-23T00:03:23.063202+00:00",
  "html_report": "data_drift_20260723T000322Z.html",
  "window_size": 50,
  "feature_scores": {
    "speed_mph": 2.737269745456871e-07,
    "brake_pressure": 3.3678002460436764e-06,
    "lidar_temp_c": 0.00025231408365600455,
    "compute_load_pct": 0.0001439802082505201
  },
  "drifted_feature_count": 4,
  "max_drift_score": 0.00025231408365600455
}