{
  "generated_at": "2026-07-23T00:13:13.280725+00:00",
  "html_report": "data_drift_20260723T001312Z.html",
  "window_size": 50,
  "feature_scores": {
    "speed_mph": 7.129672607494152e-12,
    "brake_pressure": 8.91022313827994e-13,
    "lidar_temp_c": 5.419238756078555e-10,
    "compute_load_pct": 5.179168251277617e-11
  },
  "drifted_feature_count": 4,
  "max_drift_score": 5.419238756078555e-10
}