{
  "generated_at": "2026-07-23T00:18:58.056875+00:00",
  "html_report": "data_drift_20260723T001857Z.html",
  "window_size": 50,
  "feature_scores": {
    "speed_mph": 1.6849772964595359e-06,
    "brake_pressure": 1.2697608205529389e-05,
    "lidar_temp_c": 1.7484135125363746e-05,
    "compute_load_pct": 3.3678002460436764e-06
  },
  "drifted_feature_count": 4,
  "max_drift_score": 1.7484135125363746e-05
}