{
  "generated_at": "2026-07-23T00:11:53.067221+00:00",
  "html_report": "data_drift_20260723T001152Z.html",
  "window_size": 50,
  "feature_scores": {
    "speed_mph": 4.0124739230285465e-20,
    "brake_pressure": 3.4722508658109455e-19,
    "lidar_temp_c": 2.7829882737674886e-18,
    "compute_load_pct": 1.0250772442945007e-14
  },
  "drifted_feature_count": 4,
  "max_drift_score": 1.0250772442945007e-14
}