{
  "generated_at": "2026-07-23T00:04:15.052158+00:00",
  "html_report": "data_drift_20260723T000414Z.html",
  "window_size": 50,
  "feature_scores": {
    "speed_mph": 0.0019883290717243904,
    "brake_pressure": 0.0025229270559786335,
    "lidar_temp_c": 0.01769840284749027,
    "compute_load_pct": 0.00318729152136304
  },
  "drifted_feature_count": 4,
  "max_drift_score": 0.01769840284749027
}