{
  "generated_at": "2026-07-23T00:13:23.047714+00:00",
  "html_report": "data_drift_20260723T001322Z.html",
  "window_size": 50,
  "feature_scores": {
    "speed_mph": 9.351430761923555e-16,
    "brake_pressure": 1.4399548700374335e-16,
    "lidar_temp_c": 5.216065643350572e-13,
    "compute_load_pct": 2.706309772372463e-16
  },
  "drifted_feature_count": 4,
  "max_drift_score": 5.216065643350572e-13
}