{
  "generated_at": "2026-07-23T00:06:26.059634+00:00",
  "html_report": "data_drift_20260723T000625Z.html",
  "window_size": 50,
  "feature_scores": {
    "speed_mph": 1.5125423168580682e-12,
    "brake_pressure": 8.91022313827994e-13,
    "lidar_temp_c": 3.1398105328036254e-15,
    "compute_load_pct": 3.034193927177243e-13
  },
  "drifted_feature_count": 4,
  "max_drift_score": 1.5125423168580682e-12
}