{
  "generated_at": "2026-07-23T00:13:15.125125+00:00",
  "html_report": "data_drift_20260723T001314Z.html",
  "window_size": 50,
  "feature_scores": {
    "speed_mph": 1.0250772442945007e-14,
    "brake_pressure": 9.351430761923555e-16,
    "lidar_temp_c": 4.2783105102506104e-12,
    "compute_load_pct": 1.0070868396104524e-13
  },
  "drifted_feature_count": 4,
  "max_drift_score": 4.2783105102506104e-12
}