{
  "generated_at": "2026-07-23T00:03:28.050728+00:00",
  "html_report": "data_drift_20260723T000327Z.html",
  "window_size": 50,
  "feature_scores": {
    "speed_mph": 8.661678516243333e-08,
    "brake_pressure": 8.661678516243333e-08,
    "lidar_temp_c": 0.0005658166935652612,
    "compute_load_pct": 1.6849772964595359e-06
  },
  "drifted_feature_count": 4,
  "max_drift_score": 0.0005658166935652612
}