{
  "generated_at": "2026-07-23T00:11:34.059721+00:00",
  "html_report": "data_drift_20260723T001133Z.html",
  "window_size": 50,
  "feature_scores": {
    "speed_mph": 1.9445425227899833e-11,
    "brake_pressure": 1.3476500236572368e-10,
    "lidar_temp_c": 2.1552232953672983e-10,
    "compute_load_pct": 3.205053315887109e-09
  },
  "drifted_feature_count": 4,
  "max_drift_score": 3.205053315887109e-09
}