{
  "generated_at": "2026-07-23T00:04:02.057815+00:00",
  "html_report": "data_drift_20260723T000401Z.html",
  "window_size": 50,
  "feature_scores": {
    "speed_mph": 0.00019103335229037947,
    "brake_pressure": 0.0004342269385476108,
    "lidar_temp_c": 0.0004342269385476108,
    "compute_load_pct": 0.0015601479814507737
  },
  "drifted_feature_count": 4,
  "max_drift_score": 0.0015601479814507737
}