{
  "generated_at": "2026-07-23T00:10:28.002733+00:00",
  "html_report": "data_drift_20260723T001027Z.html",
  "window_size": 50,
  "feature_scores": {
    "speed_mph": 9.351430761923555e-16,
    "brake_pressure": 5.692897362062368e-15,
    "lidar_temp_c": 1.0250772442945007e-14,
    "compute_load_pct": 1.1809820393606536e-11
  },
  "drifted_feature_count": 4,
  "max_drift_score": 1.1809820393606536e-11
}