{
  "generated_at": "2026-07-23T00:08:03.041548+00:00",
  "html_report": "data_drift_20260723T000802Z.html",
  "window_size": 50,
  "feature_scores": {
    "speed_mph": 1.3476500236572368e-10,
    "brake_pressure": 8.378637194444722e-11,
    "lidar_temp_c": 8.52135389578318e-10,
    "compute_load_pct": 8.661678516243333e-08
  },
  "drifted_feature_count": 4,
  "max_drift_score": 8.661678516243333e-08
}