{
  "generated_at": "2026-07-23T00:14:12.640841+00:00",
  "html_report": "data_drift_20260723T001329Z.html",
  "window_size": 50,
  "feature_scores": {
    "speed_mph": 4.0124739230285465e-20,
    "brake_pressure": 1.9200984297364184e-20,
    "lidar_temp_c": 2.706309772372463e-16,
    "compute_load_pct": 2.0731748165574056e-17
  },
  "drifted_feature_count": 4,
  "max_drift_score": 2.706309772372463e-16
}