{
  "generated_at": "2026-07-23T00:11:10.086553+00:00",
  "html_report": "data_drift_20260723T001109Z.html",
  "window_size": 50,
  "feature_scores": {
    "speed_mph": 2.706309772372463e-16,
    "brake_pressure": 5.692897362062368e-15,
    "lidar_temp_c": 3.256281496101024e-14,
    "compute_load_pct": 5.842394211803587e-08
  },
  "drifted_feature_count": 4,
  "max_drift_score": 5.842394211803587e-08
}