{
  "generated_at": "2026-07-23T00:06:16.073763+00:00",
  "html_report": "data_drift_20260723T000615Z.html",
  "window_size": 50,
  "feature_scores": {
    "speed_mph": 1.9445425227899833e-11,
    "brake_pressure": 8.378637194444722e-11,
    "lidar_temp_c": 3.182844566615983e-11,
    "compute_load_pct": 3.205053315887109e-09
  },
  "drifted_feature_count": 4,
  "max_drift_score": 3.205053315887109e-09
}