{
  "generated_at": "2026-07-23T00:03:11.084059+00:00",
  "html_report": "data_drift_20260723T000310Z.html",
  "window_size": 50,
  "feature_scores": {
    "speed_mph": 3.3678002460436764e-06,
    "brake_pressure": 1.2697608205529389e-05,
    "lidar_temp_c": 0.0025229270559786335,
    "compute_load_pct": 0.0019883290717243904
  },
  "drifted_feature_count": 4,
  "max_drift_score": 0.0025229270559786335
}