{
  "generated_at": "2026-07-23T00:03:22.071692+00:00",
  "html_report": "data_drift_20260723T000321Z.html",
  "window_size": 50,
  "feature_scores": {
    "speed_mph": 1.1831420237665045e-06,
    "brake_pressure": 1.2697608205529389e-05,
    "lidar_temp_c": 8.067398768006476e-05,
    "compute_load_pct": 0.00019103335229037947
  },
  "drifted_feature_count": 4,
  "max_drift_score": 0.00019103335229037947
}