{
  "generated_at": "2026-07-23T00:18:23.081423+00:00",
  "html_report": "data_drift_20260723T001822Z.html",
  "window_size": 50,
  "feature_scores": {
    "speed_mph": 7.007002724420268e-19,
    "brake_pressure": 3.4722508658109455e-19,
    "lidar_temp_c": 1.7196131675749554e-15,
    "compute_load_pct": 2.0731748165574056e-17
  },
  "drifted_feature_count": 4,
  "max_drift_score": 1.7196131675749554e-15
}