{
  "generated_at": "2026-07-23T00:11:04.107463+00:00",
  "html_report": "data_drift_20260723T001103Z.html",
  "window_size": 50,
  "feature_scores": {
    "speed_mph": 2.706309772372463e-16,
    "brake_pressure": 1.7196131675749554e-15,
    "lidar_temp_c": 1.5125423168580682e-12,
    "compute_load_pct": 7.129672607494152e-12
  },
  "drifted_feature_count": 4,
  "max_drift_score": 7.129672607494152e-12
}