{
  "generated_at": "2026-07-23T00:18:05.006111+00:00",
  "html_report": "data_drift_20260723T001804Z.html",
  "window_size": 50,
  "feature_scores": {
    "speed_mph": 3.427199087935361e-10,
    "brake_pressure": 1.1480481751200985e-08,
    "lidar_temp_c": 3.920451560972566e-08,
    "compute_load_pct": 1.1831420237665045e-06
  },
  "drifted_feature_count": 4,
  "max_drift_score": 1.1831420237665045e-06
}