{
  "generated_at": "2026-07-23T00:09:58.036656+00:00",
  "html_report": "data_drift_20260723T000957Z.html",
  "window_size": 50,
  "feature_scores": {
    "speed_mph": 8.378637194444722e-11,
    "brake_pressure": 5.419238756078555e-10,
    "lidar_temp_c": 8.52135389578318e-10,
    "compute_load_pct": 2.6171156558240124e-08
  },
  "drifted_feature_count": 4,
  "max_drift_score": 2.6171156558240124e-08
}