{
  "generated_at": "2026-07-23T00:18:38.083213+00:00",
  "html_report": "data_drift_20260723T001837Z.html",
  "window_size": 50,
  "feature_scores": {
    "speed_mph": 2.6171156558240124e-08,
    "brake_pressure": 3.920451560972566e-08,
    "lidar_temp_c": 8.266907718865675e-07,
    "compute_load_pct": 1.2697608205529389e-05
  },
  "drifted_feature_count": 4,
  "max_drift_score": 1.2697608205529389e-05
}