{
  "generated_at": "2026-07-23T00:06:15.082820+00:00",
  "html_report": "data_drift_20260723T000614Z.html",
  "window_size": 50,
  "feature_scores": {
    "speed_mph": 1.9445425227899833e-11,
    "brake_pressure": 3.182844566615983e-11,
    "lidar_temp_c": 3.182844566615983e-11,
    "compute_load_pct": 1.7379453511042597e-08
  },
  "drifted_feature_count": 4,
  "max_drift_score": 1.7379453511042597e-08
}