{
  "generated_at": "2026-07-23T00:08:04.240820+00:00",
  "html_report": "data_drift_20260723T000803Z.html",
  "window_size": 50,
  "feature_scores": {
    "speed_mph": 1.9445425227899833e-11,
    "brake_pressure": 1.1809820393606536e-11,
    "lidar_temp_c": 3.182844566615983e-11,
    "compute_load_pct": 8.661678516243333e-08
  },
  "drifted_feature_count": 4,
  "max_drift_score": 8.661678516243333e-08
}