{
  "generated_at": "2026-07-23T00:10:17.116833+00:00",
  "html_report": "data_drift_20260723T001016Z.html",
  "window_size": 50,
  "feature_scores": {
    "speed_mph": 3.034193927177243e-13,
    "brake_pressure": 1.7537231580038654e-13,
    "lidar_temp_c": 1.0070868396104524e-13,
    "compute_load_pct": 1.9445425227899833e-11
  },
  "drifted_feature_count": 4,
  "max_drift_score": 1.9445425227899833e-11
}