{
  "generated_at": "2026-07-23T00:18:26.023585+00:00",
  "html_report": "data_drift_20260723T001825Z.html",
  "window_size": 50,
  "feature_scores": {
    "speed_mph": 1.7196131675749554e-15,
    "brake_pressure": 5.049017602959833e-16,
    "lidar_temp_c": 1.0070868396104524e-13,
    "compute_load_pct": 1.7537231580038654e-13
  },
  "drifted_feature_count": 4,
  "max_drift_score": 1.7537231580038654e-13
}