{
  "generated_at": "2026-07-23T00:17:33.159872+00:00",
  "html_report": "data_drift_20260723T001732Z.html",
  "window_size": 50,
  "feature_scores": {
    "speed_mph": 7.007002724420268e-19,
    "brake_pressure": 3.4722508658109455e-19,
    "lidar_temp_c": 1.4399548700374335e-16,
    "compute_load_pct": 1.7196131675749554e-15
  },
  "drifted_feature_count": 4,
  "max_drift_score": 1.7196131675749554e-15
}