{
  "generated_at": "2026-07-23T00:04:37.019438+00:00",
  "html_report": "data_drift_20260723T000436Z.html",
  "window_size": 50,
  "feature_scores": {
    "speed_mph": 1.2775685178883248e-07,
    "brake_pressure": 5.74778329932506e-07,
    "lidar_temp_c": 3.3678002460436764e-06,
    "compute_load_pct": 6.60226172163507e-06
  },
  "drifted_feature_count": 4,
  "max_drift_score": 6.60226172163507e-06
}