{
  "generated_at": "2026-07-23T00:04:42.016210+00:00",
  "html_report": "data_drift_20260723T000441Z.html",
  "window_size": 50,
  "feature_scores": {
    "speed_mph": 8.067398768006476e-05,
    "brake_pressure": 5.997262604711804e-05,
    "lidar_temp_c": 0.00010802239537469813,
    "compute_load_pct": 0.00019103335229037947
  },
  "drifted_feature_count": 4,
  "max_drift_score": 0.00019103335229037947
}