{
  "generated_at": "2026-07-23T00:04:34.089510+00:00",
  "html_report": "data_drift_20260723T000433Z.html",
  "window_size": 50,
  "feature_scores": {
    "speed_mph": 3.2685488897080415e-05,
    "brake_pressure": 3.2685488897080415e-05,
    "lidar_temp_c": 2.387957661696139e-06,
    "compute_load_pct": 0.0001439802082505201
  },
  "drifted_feature_count": 4,
  "max_drift_score": 0.0001439802082505201
}