{
  "generated_at": "2026-07-23T00:07:04.152187+00:00",
  "html_report": "data_drift_20260723T000703Z.html",
  "window_size": 50,
  "feature_scores": {
    "speed_mph": 1.5125423168580682e-12,
    "brake_pressure": 4.2783105102506104e-12,
    "lidar_temp_c": 1.5125423168580682e-12,
    "compute_load_pct": 1.1809820393606536e-11
  },
  "drifted_feature_count": 4,
  "max_drift_score": 1.1809820393606536e-11
}