{
  "generated_at": "2026-07-23T00:18:54.058365+00:00",
  "html_report": "data_drift_20260723T001853Z.html",
  "window_size": 50,
  "feature_scores": {
    "speed_mph": 1.2775685178883248e-07,
    "brake_pressure": 1.6849772964595359e-06,
    "lidar_temp_c": 1.8747848610628524e-07,
    "compute_load_pct": 3.3678002460436764e-06
  },
  "drifted_feature_count": 4,
  "max_drift_score": 3.3678002460436764e-06
}