{
  "generated_at": "2026-07-23T00:03:14.059199+00:00",
  "html_report": "data_drift_20260723T000313Z.html",
  "window_size": 50,
  "feature_scores": {
    "speed_mph": 0.0004342269385476108,
    "brake_pressure": 0.0012187943274704954,
    "lidar_temp_c": 0.037644614997159605,
    "compute_load_pct": 0.05353139728165839
  },
  "drifted_feature_count": 4,
  "max_drift_score": 0.05353139728165839
}