{
  "generated_at": "2026-07-23T00:02:50.179848+00:00",
  "html_report": "data_drift_20260723T000249Z.html",
  "window_size": 50,
  "feature_scores": {
    "speed_mph": 0.10294851978962653,
    "brake_pressure": 0.242176174039545,
    "lidar_temp_c": 0.21222904066883688,
    "compute_load_pct": 0.6418820388431872
  },
  "drifted_feature_count": 4,
  "max_drift_score": 0.6418820388431872
}