{
  "generated_at": "2026-07-23T00:04:31.025483+00:00",
  "html_report": "data_drift_20260723T000430Z.html",
  "window_size": 50,
  "feature_scores": {
    "speed_mph": 8.067398768006476e-05,
    "brake_pressure": 0.00025231408365600455,
    "lidar_temp_c": 3.2685488897080415e-05,
    "compute_load_pct": 0.0019883290717243904
  },
  "drifted_feature_count": 4,
  "max_drift_score": 0.0019883290717243904
}