{
  "generated_at": "2026-07-23T00:07:32.124214+00:00",
  "html_report": "data_drift_20260723T000731Z.html",
  "window_size": 50,
  "feature_scores": {
    "speed_mph": 8.91022313827994e-13,
    "brake_pressure": 1.1809820393606536e-11,
    "lidar_temp_c": 2.551683135564056e-12,
    "compute_load_pct": 7.543605020950727e-09
  },
  "drifted_feature_count": 4,
  "max_drift_score": 7.543605020950727e-09
}