{
  "generated_at": "2026-07-23T00:05:07.085833+00:00",
  "html_report": "data_drift_20260723T000506Z.html",
  "window_size": 50,
  "feature_scores": {
    "speed_mph": 2.2357182582770607e-25,
    "brake_pressure": 1.2907020026781262e-24,
    "lidar_temp_c": 1.8927876706791422e-22,
    "compute_load_pct": 7.11172291623783e-24
  },
  "drifted_feature_count": 4,
  "max_drift_score": 1.8927876706791422e-22
}