{
  "generated_at": "2026-07-23T00:05:38.068141+00:00",
  "html_report": "data_drift_20260723T000537Z.html",
  "window_size": 50,
  "feature_scores": {
    "speed_mph": 1.990815183917944e-21,
    "brake_pressure": 4.1885324789943847e-22,
    "lidar_temp_c": 3.4722508658109455e-19,
    "compute_load_pct": 1.4399548700374335e-16
  },
  "drifted_feature_count": 4,
  "max_drift_score": 1.4399548700374335e-16
}