{
  "generated_at": "2026-07-23T00:03:10.074838+00:00",
  "html_report": "data_drift_20260723T000309Z.html",
  "window_size": 50,
  "feature_scores": {
    "speed_mph": 2.737269745456871e-07,
    "brake_pressure": 8.266907718865675e-07,
    "lidar_temp_c": 0.0007339943100641359,
    "compute_load_pct": 0.0007339943100641359
  },
  "drifted_feature_count": 4,
  "max_drift_score": 0.0007339943100641359
}