{
  "generated_at": "2026-07-23T00:03:40.027619+00:00",
  "html_report": "data_drift_20260723T000339Z.html",
  "window_size": 50,
  "feature_scores": {
    "speed_mph": 6.60226172163507e-06,
    "brake_pressure": 4.4377550289590614e-05,
    "lidar_temp_c": 1.2697608205529389e-05,
    "compute_load_pct": 0.00025231408365600455
  },
  "drifted_feature_count": 4,
  "max_drift_score": 0.00025231408365600455
}