{
  "generated_at": "2026-07-23T00:06:25.063693+00:00",
  "html_report": "data_drift_20260723T000624Z.html",
  "window_size": 50,
  "feature_scores": {
    "speed_mph": 1.8331928140595696e-14,
    "brake_pressure": 1.0250772442945007e-14,
    "lidar_temp_c": 2.706309772372463e-16,
    "compute_load_pct": 3.034193927177243e-13
  },
  "drifted_feature_count": 4,
  "max_drift_score": 3.034193927177243e-13
}