{
  "generated_at": "2026-07-23T00:07:23.116839+00:00",
  "html_report": "data_drift_20260723T000722Z.html",
  "window_size": 50,
  "feature_scores": {
    "speed_mph": 1.7196131675749554e-15,
    "brake_pressure": 2.706309772372463e-16,
    "lidar_temp_c": 1.0250772442945007e-14,
    "compute_load_pct": 1.7537231580038654e-13
  },
  "drifted_feature_count": 4,
  "max_drift_score": 1.7537231580038654e-13
}