{
  "generated_at": "2026-07-23T00:05:59.081684+00:00",
  "html_report": "data_drift_20260723T000558Z.html",
  "window_size": 50,
  "feature_scores": {
    "speed_mph": 5.478728757098768e-18,
    "brake_pressure": 1.4022117982198499e-18,
    "lidar_temp_c": 1.9445425227899833e-11,
    "compute_load_pct": 1.0250772442945007e-14
  },
  "drifted_feature_count": 4,
  "max_drift_score": 1.9445425227899833e-11
}