{
  "generated_at": "2026-07-23T00:07:18.064357+00:00",
  "html_report": "data_drift_20260723T000717Z.html",
  "window_size": 50,
  "feature_scores": {
    "speed_mph": 8.52135389578318e-10,
    "brake_pressure": 8.52135389578318e-10,
    "lidar_temp_c": 1.7379453511042597e-08,
    "compute_load_pct": 1.7484135125363746e-05
  },
  "drifted_feature_count": 4,
  "max_drift_score": 1.7484135125363746e-05
}