{
  "generated_at": "2026-07-23T00:04:28.062176+00:00",
  "html_report": "data_drift_20260723T000427Z.html",
  "window_size": 50,
  "feature_scores": {
    "speed_mph": 1.7484135125363746e-05,
    "brake_pressure": 1.7484135125363746e-05,
    "lidar_temp_c": 1.7484135125363746e-05,
    "compute_load_pct": 4.4377550289590614e-05
  },
  "drifted_feature_count": 4,
  "max_drift_score": 4.4377550289590614e-05
}