{
  "generated_at": "2026-07-23T00:18:39.997183+00:00",
  "html_report": "data_drift_20260723T001839Z.html",
  "window_size": 50,
  "feature_scores": {
    "speed_mph": 8.52135389578318e-10,
    "brake_pressure": 7.543605020950727e-09,
    "lidar_temp_c": 2.737269745456871e-07,
    "compute_load_pct": 1.8747848610628524e-07
  },
  "drifted_feature_count": 4,
  "max_drift_score": 2.737269745456871e-07
}