{
  "generated_at": "2026-07-23T00:08:10.095532+00:00",
  "html_report": "data_drift_20260723T000809Z.html",
  "window_size": 50,
  "feature_scores": {
    "speed_mph": 1.0070868396104524e-13,
    "brake_pressure": 3.034193927177243e-13,
    "lidar_temp_c": 5.74554047091379e-14,
    "compute_load_pct": 1.2775685178883248e-07
  },
  "drifted_feature_count": 4,
  "max_drift_score": 1.2775685178883248e-07
}