{
  "generated_at": "2026-07-23T00:03:19.074298+00:00",
  "html_report": "data_drift_20260723T000318Z.html",
  "window_size": 50,
  "feature_scores": {
    "speed_mph": 8.067398768006476e-05,
    "brake_pressure": 0.0004342269385476108,
    "lidar_temp_c": 0.0007339943100641359,
    "compute_load_pct": 0.0015601479814507737
  },
  "drifted_feature_count": 4,
  "max_drift_score": 0.0015601479814507737
}