{
  "generated_at": "2026-07-23T00:02:59.999438+00:00",
  "html_report": "data_drift_20260723T000259Z.html",
  "window_size": 50,
  "feature_scores": {
    "speed_mph": 0.08797016298952011,
    "brake_pressure": 0.27515307727794197,
    "lidar_temp_c": 0.07485828029796848,
    "compute_load_pct": 0.3504667847923358
  },
  "drifted_feature_count": 4,
  "max_drift_score": 0.3504667847923358
}