{
  "generated_at": "2026-07-23T00:06:34.061985+00:00",
  "html_report": "data_drift_20260723T000633Z.html",
  "window_size": 50,
  "feature_scores": {
    "speed_mph": 2.1552232953672983e-10,
    "brake_pressure": 2.072234044508264e-09,
    "lidar_temp_c": 4.930332895000974e-09,
    "compute_load_pct": 8.378637194444722e-11
  },
  "drifted_feature_count": 4,
  "max_drift_score": 4.930332895000974e-09
}