{
  "generated_at": "2026-07-23T00:05:31.001696+00:00",
  "html_report": "data_drift_20260723T000530Z.html",
  "window_size": 50,
  "feature_scores": {
    "speed_mph": 7.007002724420268e-19,
    "brake_pressure": 1.4022117982198499e-18,
    "lidar_temp_c": 5.74554047091379e-14,
    "compute_load_pct": 1.7196131675749554e-15
  },
  "drifted_feature_count": 4,
  "max_drift_score": 5.74554047091379e-14
}