{
  "generated_at": "2026-07-23T00:09:51.107066+00:00",
  "html_report": "data_drift_20260723T000950Z.html",
  "window_size": 50,
  "feature_scores": {
    "speed_mph": 3.4722508658109455e-19,
    "brake_pressure": 2.7829882737674886e-18,
    "lidar_temp_c": 1.0699689423937606e-17,
    "compute_load_pct": 1.7196131675749554e-15
  },
  "drifted_feature_count": 4,
  "max_drift_score": 1.7196131675749554e-15
}