{
  "generated_at": "2026-07-23T00:09:41.072327+00:00",
  "html_report": "data_drift_20260723T000940Z.html",
  "window_size": 50,
  "feature_scores": {
    "speed_mph": 1.4399548700374335e-16,
    "brake_pressure": 5.049017602959833e-16,
    "lidar_temp_c": 1.8331928140595696e-14,
    "compute_load_pct": 3.1398105328036254e-15
  },
  "drifted_feature_count": 4,
  "max_drift_score": 1.8331928140595696e-14
}