{
  "generated_at": "2026-07-23T00:18:41.037892+00:00",
  "html_report": "data_drift_20260723T001840Z.html",
  "window_size": 50,
  "feature_scores": {
    "speed_mph": 1.3476500236572368e-10,
    "brake_pressure": 1.3325062990964316e-09,
    "lidar_temp_c": 4.72677170410894e-06,
    "compute_load_pct": 2.387957661696139e-06
  },
  "drifted_feature_count": 4,
  "max_drift_score": 4.72677170410894e-06
}