{
  "generated_at": "2026-07-23T00:07:21.101764+00:00",
  "html_report": "data_drift_20260723T000720Z.html",
  "window_size": 50,
  "feature_scores": {
    "speed_mph": 3.034193927177243e-13,
    "brake_pressure": 5.74554047091379e-14,
    "lidar_temp_c": 5.179168251277617e-11,
    "compute_load_pct": 3.427199087935361e-10
  },
  "drifted_feature_count": 4,
  "max_drift_score": 3.427199087935361e-10
}