{
  "generated_at": "2026-07-23T00:11:10.995059+00:00",
  "html_report": "data_drift_20260723T001110Z.html",
  "window_size": 50,
  "feature_scores": {
    "speed_mph": 3.1398105328036254e-15,
    "brake_pressure": 1.1809820393606536e-11,
    "lidar_temp_c": 1.9445425227899833e-11,
    "compute_load_pct": 4.72677170410894e-06
  },
  "drifted_feature_count": 4,
  "max_drift_score": 4.72677170410894e-06
}