{
  "generated_at": "2026-07-23T00:13:14.416332+00:00",
  "html_report": "data_drift_20260723T001313Z.html",
  "window_size": 50,
  "feature_scores": {
    "speed_mph": 1.0070868396104524e-13,
    "brake_pressure": 1.0250772442945007e-14,
    "lidar_temp_c": 3.182844566615983e-11,
    "compute_load_pct": 8.91022313827994e-13
  },
  "drifted_feature_count": 4,
  "max_drift_score": 3.182844566615983e-11
}