{
  "generated_at": "2026-07-23T00:12:56.232968+00:00",
  "html_report": "data_drift_20260723T001255Z.html",
  "window_size": 50,
  "feature_scores": {
    "speed_mph": 8.378637194444722e-11,
    "brake_pressure": 3.427199087935361e-10,
    "lidar_temp_c": 1.3476500236572368e-10,
    "compute_load_pct": 3.205053315887109e-09
  },
  "drifted_feature_count": 4,
  "max_drift_score": 3.205053315887109e-09
}