{
  "generated_at": "2026-07-23T00:10:37.110893+00:00",
  "html_report": "data_drift_20260723T001036Z.html",
  "window_size": 50,
  "feature_scores": {
    "speed_mph": 7.129672607494152e-12,
    "brake_pressure": 2.1552232953672983e-10,
    "lidar_temp_c": 1.3325062990964316e-09,
    "compute_load_pct": 4.930332895000974e-09
  },
  "drifted_feature_count": 4,
  "max_drift_score": 4.930332895000974e-09
}