{
  "generated_at": "2026-07-23T00:06:58.084544+00:00",
  "html_report": "data_drift_20260723T000657Z.html",
  "window_size": 50,
  "feature_scores": {
    "speed_mph": 3.205053315887109e-09,
    "brake_pressure": 1.3325062990964316e-09,
    "lidar_temp_c": 1.1480481751200985e-08,
    "compute_load_pct": 3.3678002460436764e-06
  },
  "drifted_feature_count": 4,
  "max_drift_score": 3.3678002460436764e-06
}