{
  "generated_at": "2026-07-23T00:04:25.060095+00:00",
  "html_report": "data_drift_20260723T000424Z.html",
  "window_size": 50,
  "feature_scores": {
    "speed_mph": 1.8747848610628524e-07,
    "brake_pressure": 8.661678516243333e-08,
    "lidar_temp_c": 2.387957661696139e-06,
    "compute_load_pct": 9.177863655050725e-06
  },
  "drifted_feature_count": 4,
  "max_drift_score": 9.177863655050725e-06
}