{
  "generated_at": "2026-07-23T00:06:32.087626+00:00",
  "html_report": "data_drift_20260723T000631Z.html",
  "window_size": 50,
  "feature_scores": {
    "speed_mph": 1.9445425227899833e-11,
    "brake_pressure": 1.9445425227899833e-11,
    "lidar_temp_c": 2.072234044508264e-09,
    "compute_load_pct": 8.378637194444722e-11
  },
  "drifted_feature_count": 4,
  "max_drift_score": 2.072234044508264e-09
}