{
  "generated_at": "2026-07-23T00:05:47.033344+00:00",
  "html_report": "data_drift_20260723T000546Z.html",
  "window_size": 50,
  "feature_scores": {
    "speed_mph": 4.0124739230285465e-20,
    "brake_pressure": 1.7060493351707834e-19,
    "lidar_temp_c": 1.7537231580038654e-13,
    "compute_load_pct": 3.9858663257973207e-17
  },
  "drifted_feature_count": 4,
  "max_drift_score": 1.7537231580038654e-13
}