{
  "generated_at": "2026-07-23T00:05:29.008812+00:00",
  "html_report": "data_drift_20260723T000528Z.html",
  "window_size": 50,
  "feature_scores": {
    "speed_mph": 4.0124739230285465e-20,
    "brake_pressure": 1.4022117982198499e-18,
    "lidar_temp_c": 1.7196131675749554e-15,
    "compute_load_pct": 9.351430761923555e-16
  },
  "drifted_feature_count": 4,
  "max_drift_score": 1.7196131675749554e-15
}