{
  "generated_at": "2026-07-23T00:07:09.037161+00:00",
  "html_report": "data_drift_20260723T000708Z.html",
  "window_size": 50,
  "feature_scores": {
    "speed_mph": 1.5125423168580682e-12,
    "brake_pressure": 7.129672607494152e-12,
    "lidar_temp_c": 3.182844566615983e-11,
    "compute_load_pct": 8.661678516243333e-08
  },
  "drifted_feature_count": 4,
  "max_drift_score": 8.661678516243333e-08
}