{
  "generated_at": "2026-07-23T00:06:05.044532+00:00",
  "html_report": "data_drift_20260723T000604Z.html",
  "window_size": 50,
  "feature_scores": {
    "speed_mph": 9.351430761923555e-16,
    "brake_pressure": 5.049017602959833e-16,
    "lidar_temp_c": 2.551683135564056e-12,
    "compute_load_pct": 5.74554047091379e-14
  },
  "drifted_feature_count": 4,
  "max_drift_score": 2.551683135564056e-12
}