{
  "generated_at": "2026-07-23T00:08:40.111883+00:00",
  "html_report": "data_drift_20260723T000839Z.html",
  "window_size": 50,
  "feature_scores": {
    "speed_mph": 1.7537231580038654e-13,
    "brake_pressure": 2.551683135564056e-12,
    "lidar_temp_c": 1.9445425227899833e-11,
    "compute_load_pct": 5.179168251277617e-11
  },
  "drifted_feature_count": 4,
  "max_drift_score": 5.179168251277617e-11
}