{
  "generated_at": "2026-07-23T00:18:51.028844+00:00",
  "html_report": "data_drift_20260723T001850Z.html",
  "window_size": 50,
  "feature_scores": {
    "speed_mph": 4.930332895000974e-09,
    "brake_pressure": 5.842394211803587e-08,
    "lidar_temp_c": 1.8747848610628524e-07,
    "compute_load_pct": 1.1831420237665045e-06
  },
  "drifted_feature_count": 4,
  "max_drift_score": 1.1831420237665045e-06
}