{
  "generated_at": "2026-07-23T00:09:04.002881+00:00",
  "html_report": "data_drift_20260723T000903Z.html",
  "window_size": 50,
  "feature_scores": {
    "speed_mph": 9.351430761923555e-16,
    "brake_pressure": 1.7196131675749554e-15,
    "lidar_temp_c": 4.2783105102506104e-12,
    "compute_load_pct": 8.91022313827994e-13
  },
  "drifted_feature_count": 4,
  "max_drift_score": 4.2783105102506104e-12
}