{
  "generated_at": "2026-07-23T00:09:18.019226+00:00",
  "html_report": "data_drift_20260723T000917Z.html",
  "window_size": 50,
  "feature_scores": {
    "speed_mph": 8.91022313827994e-13,
    "brake_pressure": 2.551683135564056e-12,
    "lidar_temp_c": 8.91022313827994e-13,
    "compute_load_pct": 1.0070868396104524e-13
  },
  "drifted_feature_count": 4,
  "max_drift_score": 2.551683135564056e-12
}