{
  "generated_at": "2026-07-23T00:10:54.008202+00:00",
  "html_report": "data_drift_20260723T001053Z.html",
  "window_size": 50,
  "feature_scores": {
    "speed_mph": 2.706309772372463e-16,
    "brake_pressure": 7.604638639694081e-17,
    "lidar_temp_c": 3.034193927177243e-13,
    "compute_load_pct": 3.256281496101024e-14
  },
  "drifted_feature_count": 4,
  "max_drift_score": 3.034193927177243e-13
}