{
  "generated_at": "2026-07-23T00:18:39.005073+00:00",
  "html_report": "data_drift_20260723T001838Z.html",
  "window_size": 50,
  "feature_scores": {
    "speed_mph": 1.2775685178883248e-07,
    "brake_pressure": 1.8747848610628524e-07,
    "lidar_temp_c": 3.3678002460436764e-06,
    "compute_load_pct": 1.2697608205529389e-05
  },
  "drifted_feature_count": 4,
  "max_drift_score": 1.2697608205529389e-05
}