{
  "generated_at": "2026-07-23T00:03:01.082379+00:00",
  "html_report": "data_drift_20260723T000300Z.html",
  "window_size": 50,
  "feature_scores": {
    "speed_mph": 0.009610378185668973,
    "brake_pressure": 0.10294851978962653,
    "lidar_temp_c": 0.01769840284749027,
    "compute_load_pct": 0.18519174823725346
  },
  "drifted_feature_count": 4,
  "max_drift_score": 0.18519174823725346
}