{
  "generated_at": "2026-07-23T00:07:29.002240+00:00",
  "html_report": "data_drift_20260723T000728Z.html",
  "window_size": 50,
  "feature_scores": {
    "speed_mph": 3.4722508658109455e-19,
    "brake_pressure": 5.478728757098768e-18,
    "lidar_temp_c": 2.706309772372463e-16,
    "compute_load_pct": 1.0250772442945007e-14
  },
  "drifted_feature_count": 4,
  "max_drift_score": 1.0250772442945007e-14
}