{
  "generated_at": "2026-07-23T00:18:48.053268+00:00",
  "html_report": "data_drift_20260723T001847Z.html",
  "window_size": 50,
  "feature_scores": {
    "speed_mph": 3.256281496101024e-14,
    "brake_pressure": 1.0250772442945007e-14,
    "lidar_temp_c": 5.216065643350572e-13,
    "compute_load_pct": 1.3476500236572368e-10
  },
  "drifted_feature_count": 4,
  "max_drift_score": 1.3476500236572368e-10
}