{
  "generated_at": "2026-07-23T00:04:19.103658+00:00",
  "html_report": "data_drift_20260723T000418Z.html",
  "window_size": 50,
  "feature_scores": {
    "speed_mph": 1.1831420237665045e-06,
    "brake_pressure": 8.266907718865675e-07,
    "lidar_temp_c": 8.661678516243333e-08,
    "compute_load_pct": 9.177863655050725e-06
  },
  "drifted_feature_count": 4,
  "max_drift_score": 9.177863655050725e-06
}