{
  "generated_at": "2026-07-23T00:06:47.038436+00:00",
  "html_report": "data_drift_20260723T000646Z.html",
  "window_size": 50,
  "feature_scores": {
    "speed_mph": 7.543605020950727e-09,
    "brake_pressure": 2.6171156558240124e-08,
    "lidar_temp_c": 5.842394211803587e-08,
    "compute_load_pct": 1.7379453511042597e-08
  },
  "drifted_feature_count": 4,
  "max_drift_score": 5.842394211803587e-08
}