{
  "generated_at": "2026-07-23T00:06:54.133874+00:00",
  "html_report": "data_drift_20260723T000653Z.html",
  "window_size": 50,
  "feature_scores": {
    "speed_mph": 8.378637194444722e-11,
    "brake_pressure": 1.3325062990964316e-09,
    "lidar_temp_c": 2.072234044508264e-09,
    "compute_load_pct": 4.930332895000974e-09
  },
  "drifted_feature_count": 4,
  "max_drift_score": 4.930332895000974e-09
}