{
  "generated_at": "2026-07-23T00:07:14.042656+00:00",
  "html_report": "data_drift_20260723T000713Z.html",
  "window_size": 50,
  "feature_scores": {
    "speed_mph": 2.072234044508264e-09,
    "brake_pressure": 1.1480481751200985e-08,
    "lidar_temp_c": 3.205053315887109e-09,
    "compute_load_pct": 1.6849772964595359e-06
  },
  "drifted_feature_count": 4,
  "max_drift_score": 1.6849772964595359e-06
}