{
  "generated_at": "2026-07-23T00:03:16.042853+00:00",
  "html_report": "data_drift_20260723T000315Z.html",
  "window_size": 50,
  "feature_scores": {
    "speed_mph": 0.0004342269385476108,
    "brake_pressure": 0.0007339943100641359,
    "lidar_temp_c": 0.011830234490631576,
    "compute_load_pct": 0.02150961809529076
  },
  "drifted_feature_count": 4,
  "max_drift_score": 0.02150961809529076
}