{
  "generated_at": "2026-07-23T00:11:29.007604+00:00",
  "html_report": "data_drift_20260723T001128Z.html",
  "window_size": 50,
  "feature_scores": {
    "speed_mph": 1.7537231580038654e-13,
    "brake_pressure": 1.9445425227899833e-11,
    "lidar_temp_c": 1.9445425227899833e-11,
    "compute_load_pct": 2.1552232953672983e-10
  },
  "drifted_feature_count": 4,
  "max_drift_score": 2.1552232953672983e-10
}