{
  "generated_at": "2026-07-23T00:06:11.110509+00:00",
  "html_report": "data_drift_20260723T000610Z.html",
  "window_size": 50,
  "feature_scores": {
    "speed_mph": 4.930332895000974e-09,
    "brake_pressure": 5.842394211803587e-08,
    "lidar_temp_c": 1.6849772964595359e-06,
    "compute_load_pct": 8.661678516243333e-08
  },
  "drifted_feature_count": 4,
  "max_drift_score": 1.6849772964595359e-06
}