{
  "generated_at": "2026-07-23T00:11:49.019561+00:00",
  "html_report": "data_drift_20260723T001148Z.html",
  "window_size": 50,
  "feature_scores": {
    "speed_mph": 1.8331928140595696e-14,
    "brake_pressure": 1.8331928140595696e-14,
    "lidar_temp_c": 3.034193927177243e-13,
    "compute_load_pct": 4.2783105102506104e-12
  },
  "drifted_feature_count": 4,
  "max_drift_score": 4.2783105102506104e-12
}