{
  "generated_at": "2026-07-23T00:07:35.048750+00:00",
  "html_report": "data_drift_20260723T000734Z.html",
  "window_size": 50,
  "feature_scores": {
    "speed_mph": 2.6171156558240124e-08,
    "brake_pressure": 3.920451560972566e-08,
    "lidar_temp_c": 1.2775685178883248e-07,
    "compute_load_pct": 1.6849772964595359e-06
  },
  "drifted_feature_count": 4,
  "max_drift_score": 1.6849772964595359e-06
}