{
  "generated_at": "2026-07-23T00:11:38.066959+00:00",
  "html_report": "data_drift_20260723T001137Z.html",
  "window_size": 50,
  "feature_scores": {
    "speed_mph": 3.205053315887109e-09,
    "brake_pressure": 1.2775685178883248e-07,
    "lidar_temp_c": 5.842394211803587e-08,
    "compute_load_pct": 5.842394211803587e-08
  },
  "drifted_feature_count": 4,
  "max_drift_score": 1.2775685178883248e-07
}