{
  "generated_at": "2026-07-23T00:09:48.996760+00:00",
  "html_report": "data_drift_20260723T000948Z.html",
  "window_size": 50,
  "feature_scores": {
    "speed_mph": 2.7829882737674886e-18,
    "brake_pressure": 3.9858663257973207e-17,
    "lidar_temp_c": 5.478728757098768e-18,
    "compute_load_pct": 1.7537231580038654e-13
  },
  "drifted_feature_count": 4,
  "max_drift_score": 1.7537231580038654e-13
}