{
  "generated_at": "2026-07-23T00:06:12.065618+00:00",
  "html_report": "data_drift_20260723T000611Z.html",
  "window_size": 50,
  "feature_scores": {
    "speed_mph": 2.6171156558240124e-08,
    "brake_pressure": 2.737269745456871e-07,
    "lidar_temp_c": 6.60226172163507e-06,
    "compute_load_pct": 6.60226172163507e-06
  },
  "drifted_feature_count": 4,
  "max_drift_score": 6.60226172163507e-06
}