{
  "generated_at": "2026-07-23T00:10:26.029276+00:00",
  "html_report": "data_drift_20260723T001025Z.html",
  "window_size": 50,
  "feature_scores": {
    "speed_mph": 1.9200984297364184e-20,
    "brake_pressure": 3.9858663257973207e-17,
    "lidar_temp_c": 7.604638639694081e-17,
    "compute_load_pct": 1.4399548700374335e-16
  },
  "drifted_feature_count": 4,
  "max_drift_score": 1.4399548700374335e-16
}