{
  "generated_at": "2026-07-23T00:05:24.013840+00:00",
  "html_report": "data_drift_20260723T000523Z.html",
  "window_size": 50,
  "feature_scores": {
    "speed_mph": 1.2907020026781262e-24,
    "brake_pressure": 1.641512405623937e-23,
    "lidar_temp_c": 1.8927876706791422e-22,
    "compute_load_pct": 4.0124739230285465e-20
  },
  "drifted_feature_count": 4,
  "max_drift_score": 4.0124739230285465e-20
}