{
  "generated_at": "2026-07-23T00:10:58.046241+00:00",
  "html_report": "data_drift_20260723T001057Z.html",
  "window_size": 50,
  "feature_scores": {
    "speed_mph": 2.0731748165574056e-17,
    "brake_pressure": 9.351430761923555e-16,
    "lidar_temp_c": 5.216065643350572e-13,
    "compute_load_pct": 3.1398105328036254e-15
  },
  "drifted_feature_count": 4,
  "max_drift_score": 5.216065643350572e-13
}