{
  "generated_at": "2026-07-23T00:11:08.039785+00:00",
  "html_report": "data_drift_20260723T001107Z.html",
  "window_size": 50,
  "feature_scores": {
    "speed_mph": 2.706309772372463e-16,
    "brake_pressure": 9.351430761923555e-16,
    "lidar_temp_c": 2.0731748165574056e-17,
    "compute_load_pct": 1.5125423168580682e-12
  },
  "drifted_feature_count": 4,
  "max_drift_score": 1.5125423168580682e-12
}