{
  "generated_at": "2026-07-23T00:06:14.071528+00:00",
  "html_report": "data_drift_20260723T000613Z.html",
  "window_size": 50,
  "feature_scores": {
    "speed_mph": 8.52135389578318e-10,
    "brake_pressure": 1.3325062990964316e-09,
    "lidar_temp_c": 2.6171156558240124e-08,
    "compute_load_pct": 1.6849772964595359e-06
  },
  "drifted_feature_count": 4,
  "max_drift_score": 1.6849772964595359e-06
}