{
  "generated_at": "2026-07-23T00:05:26.059146+00:00",
  "html_report": "data_drift_20260723T000525Z.html",
  "window_size": 50,
  "feature_scores": {
    "speed_mph": 3.747899835120899e-23,
    "brake_pressure": 4.1885324789943847e-22,
    "lidar_temp_c": 8.3102294558521e-20,
    "compute_load_pct": 7.007002724420268e-19
  },
  "drifted_feature_count": 4,
  "max_drift_score": 7.007002724420268e-19
}