{
  "generated_at": "2026-07-23T00:08:30.055416+00:00",
  "html_report": "data_drift_20260723T000829Z.html",
  "window_size": 50,
  "feature_scores": {
    "speed_mph": 1.0699689423937606e-17,
    "brake_pressure": 7.604638639694081e-17,
    "lidar_temp_c": 4.2783105102506104e-12,
    "compute_load_pct": 3.034193927177243e-13
  },
  "drifted_feature_count": 4,
  "max_drift_score": 4.2783105102506104e-12
}