{
  "generated_at": "2026-07-23T00:07:12.025205+00:00",
  "html_report": "data_drift_20260723T000711Z.html",
  "window_size": 50,
  "feature_scores": {
    "speed_mph": 1.5125423168580682e-12,
    "brake_pressure": 8.91022313827994e-13,
    "lidar_temp_c": 5.419238756078555e-10,
    "compute_load_pct": 2.6171156558240124e-08
  },
  "drifted_feature_count": 4,
  "max_drift_score": 2.6171156558240124e-08
}