{
  "generated_at": "2026-07-23T00:04:48.019170+00:00",
  "html_report": "data_drift_20260723T000447Z.html",
  "window_size": 50,
  "feature_scores": {
    "speed_mph": 3.1398105328036254e-15,
    "brake_pressure": 1.8331928140595696e-14,
    "lidar_temp_c": 8.91022313827994e-13,
    "compute_load_pct": 2.551683135564056e-12
  },
  "drifted_feature_count": 4,
  "max_drift_score": 2.551683135564056e-12
}