{
  "generated_at": "2026-07-23T00:08:06.998241+00:00",
  "html_report": "data_drift_20260723T000806Z.html",
  "window_size": 50,
  "feature_scores": {
    "speed_mph": 1.0070868396104524e-13,
    "brake_pressure": 5.74554047091379e-14,
    "lidar_temp_c": 3.182844566615983e-11,
    "compute_load_pct": 1.1480481751200985e-08
  },
  "drifted_feature_count": 4,
  "max_drift_score": 1.1480481751200985e-08
}