{
  "generated_at": "2026-07-23T00:11:14.032060+00:00",
  "html_report": "data_drift_20260723T001113Z.html",
  "window_size": 50,
  "feature_scores": {
    "speed_mph": 3.034193927177243e-13,
    "brake_pressure": 1.3476500236572368e-10,
    "lidar_temp_c": 7.543605020950727e-09,
    "compute_load_pct": 1.1831420237665045e-06
  },
  "drifted_feature_count": 4,
  "max_drift_score": 1.1831420237665045e-06
}