{
  "generated_at": "2026-07-23T00:04:06.017174+00:00",
  "html_report": "data_drift_20260723T000405Z.html",
  "window_size": 50,
  "feature_scores": {
    "speed_mph": 1.7484135125363746e-05,
    "brake_pressure": 1.7484135125363746e-05,
    "lidar_temp_c": 4.72677170410894e-06,
    "compute_load_pct": 8.067398768006476e-05
  },
  "drifted_feature_count": 4,
  "max_drift_score": 8.067398768006476e-05
}