{
  "generated_at": "2026-07-23T00:04:53.028389+00:00",
  "html_report": "data_drift_20260723T000452Z.html",
  "window_size": 50,
  "feature_scores": {
    "speed_mph": 1.4690595495101863e-26,
    "brake_pressure": 3.0470033433074965e-24,
    "lidar_temp_c": 1.8927876706791422e-22,
    "compute_load_pct": 8.3102294558521e-20
  },
  "drifted_feature_count": 4,
  "max_drift_score": 8.3102294558521e-20
}