{
  "generated_at": "2026-07-23T00:11:46.023789+00:00",
  "html_report": "data_drift_20260723T001145Z.html",
  "window_size": 50,
  "feature_scores": {
    "speed_mph": 7.129672607494152e-12,
    "brake_pressure": 1.3325062990964316e-09,
    "lidar_temp_c": 1.3325062990964316e-09,
    "compute_load_pct": 1.1831420237665045e-06
  },
  "drifted_feature_count": 4,
  "max_drift_score": 1.1831420237665045e-06
}