{
  "generated_at": "2026-07-23T00:10:10.061940+00:00",
  "html_report": "data_drift_20260723T001009Z.html",
  "window_size": 50,
  "feature_scores": {
    "speed_mph": 1.7379453511042597e-08,
    "brake_pressure": 1.7379453511042597e-08,
    "lidar_temp_c": 1.1480481751200985e-08,
    "compute_load_pct": 5.74778329932506e-07
  },
  "drifted_feature_count": 4,
  "max_drift_score": 5.74778329932506e-07
}