{
  "generated_at": "2026-07-23T00:08:39.035638+00:00",
  "html_report": "data_drift_20260723T000838Z.html",
  "window_size": 50,
  "feature_scores": {
    "speed_mph": 1.0070868396104524e-13,
    "brake_pressure": 4.2783105102506104e-12,
    "lidar_temp_c": 5.179168251277617e-11,
    "compute_load_pct": 5.179168251277617e-11
  },
  "drifted_feature_count": 4,
  "max_drift_score": 5.179168251277617e-11
}