{
  "generated_at": "2026-07-23T00:17:58.044107+00:00",
  "html_report": "data_drift_20260723T001757Z.html",
  "window_size": 50,
  "feature_scores": {
    "speed_mph": 3.205053315887109e-09,
    "brake_pressure": 7.543605020950727e-09,
    "lidar_temp_c": 3.427199087935361e-10,
    "compute_load_pct": 2.737269745456871e-07
  },
  "drifted_feature_count": 4,
  "max_drift_score": 2.737269745456871e-07
}