{
  "generated_at": "2026-07-23T00:05:06.010493+00:00",
  "html_report": "data_drift_20260723T000505Z.html",
  "window_size": 50,
  "feature_scores": {
    "speed_mph": 2.2357182582770607e-25,
    "brake_pressure": 1.2907020026781262e-24,
    "lidar_temp_c": 1.641512405623937e-23,
    "compute_load_pct": 8.466582905901334e-23
  },
  "drifted_feature_count": 4,
  "max_drift_score": 8.466582905901334e-23
}