{
  "generated_at": "2026-07-23T00:06:08.072143+00:00",
  "html_report": "data_drift_20260723T000607Z.html",
  "window_size": 50,
  "feature_scores": {
    "speed_mph": 1.0070868396104524e-13,
    "brake_pressure": 5.216065643350572e-13,
    "lidar_temp_c": 7.543605020950727e-09,
    "compute_load_pct": 5.179168251277617e-11
  },
  "drifted_feature_count": 4,
  "max_drift_score": 7.543605020950727e-09
}