{
  "generated_at": "2026-07-23T00:08:54.076281+00:00",
  "html_report": "data_drift_20260723T000853Z.html",
  "window_size": 50,
  "feature_scores": {
    "speed_mph": 5.74554047091379e-14,
    "brake_pressure": 1.5125423168580682e-12,
    "lidar_temp_c": 1.1480481751200985e-08,
    "compute_load_pct": 5.216065643350572e-13
  },
  "drifted_feature_count": 4,
  "max_drift_score": 1.1480481751200985e-08
}