{
  "generated_at": "2026-07-23T00:11:28.003361+00:00",
  "html_report": "data_drift_20260723T001127Z.html",
  "window_size": 50,
  "feature_scores": {
    "speed_mph": 1.8331928140595696e-14,
    "brake_pressure": 4.2783105102506104e-12,
    "lidar_temp_c": 1.9445425227899833e-11,
    "compute_load_pct": 2.1552232953672983e-10
  },
  "drifted_feature_count": 4,
  "max_drift_score": 2.1552232953672983e-10
}