{
  "generated_at": "2026-07-23T00:11:41.044739+00:00",
  "html_report": "data_drift_20260723T001140Z.html",
  "window_size": 50,
  "feature_scores": {
    "speed_mph": 1.3325062990964316e-09,
    "brake_pressure": 7.543605020950727e-09,
    "lidar_temp_c": 7.543605020950727e-09,
    "compute_load_pct": 5.842394211803587e-08
  },
  "drifted_feature_count": 4,
  "max_drift_score": 5.842394211803587e-08
}