{
  "generated_at": "2026-07-23T00:06:43.101079+00:00",
  "html_report": "data_drift_20260723T000642Z.html",
  "window_size": 50,
  "feature_scores": {
    "speed_mph": 1.1480481751200985e-08,
    "brake_pressure": 2.072234044508264e-09,
    "lidar_temp_c": 1.6849772964595359e-06,
    "compute_load_pct": 2.3961748961816766e-05
  },
  "drifted_feature_count": 4,
  "max_drift_score": 2.3961748961816766e-05
}