{
  "generated_at": "2026-07-23T00:05:40.036101+00:00",
  "html_report": "data_drift_20260723T000539Z.html",
  "window_size": 50,
  "feature_scores": {
    "speed_mph": 1.990815183917944e-21,
    "brake_pressure": 1.9200984297364184e-20,
    "lidar_temp_c": 5.478728757098768e-18,
    "compute_load_pct": 1.8331928140595696e-14
  },
  "drifted_feature_count": 4,
  "max_drift_score": 1.8331928140595696e-14
}