{
  "generated_at": "2026-07-23T00:13:19.029198+00:00",
  "html_report": "data_drift_20260723T001318Z.html",
  "window_size": 50,
  "feature_scores": {
    "speed_mph": 9.351430761923555e-16,
    "brake_pressure": 7.604638639694081e-17,
    "lidar_temp_c": 5.216065643350572e-13,
    "compute_load_pct": 1.0250772442945007e-14
  },
  "drifted_feature_count": 4,
  "max_drift_score": 5.216065643350572e-13
}