{
  "generated_at": "2026-07-23T00:03:05.072362+00:00",
  "html_report": "data_drift_20260723T000304Z.html",
  "window_size": 50,
  "feature_scores": {
    "speed_mph": 9.177863655050725e-06,
    "brake_pressure": 1.7484135125363746e-05,
    "lidar_temp_c": 0.004009092524548735,
    "compute_load_pct": 0.026030974091796902
  },
  "drifted_feature_count": 4,
  "max_drift_score": 0.026030974091796902
}