{
  "generated_at": "2026-07-23T00:08:47.999691+00:00",
  "html_report": "data_drift_20260723T000847Z.html",
  "window_size": 50,
  "feature_scores": {
    "speed_mph": 3.256281496101024e-14,
    "brake_pressure": 1.7537231580038654e-13,
    "lidar_temp_c": 5.049017602959833e-16,
    "compute_load_pct": 5.179168251277617e-11
  },
  "drifted_feature_count": 4,
  "max_drift_score": 5.179168251277617e-11
}