{
  "generated_at": "2026-07-23T00:03:32.116359+00:00",
  "html_report": "data_drift_20260723T000331Z.html",
  "window_size": 50,
  "feature_scores": {
    "speed_mph": 4.930332895000974e-09,
    "brake_pressure": 4.930332895000974e-09,
    "lidar_temp_c": 5.74778329932506e-07,
    "compute_load_pct": 1.6849772964595359e-06
  },
  "drifted_feature_count": 4,
  "max_drift_score": 1.6849772964595359e-06
}