{
  "generated_at": "2026-07-23T00:18:53.077508+00:00",
  "html_report": "data_drift_20260723T001852Z.html",
  "window_size": 50,
  "feature_scores": {
    "speed_mph": 2.6171156558240124e-08,
    "brake_pressure": 8.661678516243333e-08,
    "lidar_temp_c": 8.266907718865675e-07,
    "compute_load_pct": 4.72677170410894e-06
  },
  "drifted_feature_count": 4,
  "max_drift_score": 4.72677170410894e-06
}