{
  "generated_at": "2026-07-23T00:04:49.031893+00:00",
  "html_report": "data_drift_20260723T000448Z.html",
  "window_size": 50,
  "feature_scores": {
    "speed_mph": 4.277654093685074e-21,
    "brake_pressure": 4.0124739230285465e-20,
    "lidar_temp_c": 1.4399548700374335e-16,
    "compute_load_pct": 2.706309772372463e-16
  },
  "drifted_feature_count": 4,
  "max_drift_score": 2.706309772372463e-16
}