{
  "generated_at": "2026-07-23T00:13:02.462206+00:00",
  "html_report": "data_drift_20260723T001301Z.html",
  "window_size": 50,
  "feature_scores": {
    "speed_mph": 1.1809820393606536e-11,
    "brake_pressure": 5.179168251277617e-11,
    "lidar_temp_c": 8.378637194444722e-11,
    "compute_load_pct": 2.072234044508264e-09
  },
  "drifted_feature_count": 4,
  "max_drift_score": 2.072234044508264e-09
}