{
  "generated_at": "2026-07-23T00:04:20.107919+00:00",
  "html_report": "data_drift_20260723T000419Z.html",
  "window_size": 50,
  "feature_scores": {
    "speed_mph": 1.8747848610628524e-07,
    "brake_pressure": 2.737269745456871e-07,
    "lidar_temp_c": 8.661678516243333e-08,
    "compute_load_pct": 6.60226172163507e-06
  },
  "drifted_feature_count": 4,
  "max_drift_score": 6.60226172163507e-06
}