{
  "generated_at": "2026-07-23T00:10:24.109217+00:00",
  "html_report": "data_drift_20260723T001023Z.html",
  "window_size": 50,
  "feature_scores": {
    "speed_mph": 9.176491883392612e-22,
    "brake_pressure": 2.7829882737674886e-18,
    "lidar_temp_c": 5.478728757098768e-18,
    "compute_load_pct": 1.0699689423937606e-17
  },
  "drifted_feature_count": 4,
  "max_drift_score": 1.0699689423937606e-17
}