{
  "generated_at": "2026-07-23T00:09:33.061145+00:00",
  "html_report": "data_drift_20260723T000932Z.html",
  "window_size": 50,
  "feature_scores": {
    "speed_mph": 3.256281496101024e-14,
    "brake_pressure": 1.8331928140595696e-14,
    "lidar_temp_c": 5.216065643350572e-13,
    "compute_load_pct": 5.419238756078555e-10
  },
  "drifted_feature_count": 4,
  "max_drift_score": 5.419238756078555e-10
}