{
  "generated_at": "2026-07-23T00:11:12.030274+00:00",
  "html_report": "data_drift_20260723T001111Z.html",
  "window_size": 50,
  "feature_scores": {
    "speed_mph": 3.1398105328036254e-15,
    "brake_pressure": 1.1809820393606536e-11,
    "lidar_temp_c": 1.9445425227899833e-11,
    "compute_load_pct": 2.737269745456871e-07
  },
  "drifted_feature_count": 4,
  "max_drift_score": 2.737269745456871e-07
}