{
  "generated_at": "2026-07-23T00:17:50.089979+00:00",
  "html_report": "data_drift_20260723T001749Z.html",
  "window_size": 50,
  "feature_scores": {
    "speed_mph": 1.3476500236572368e-10,
    "brake_pressure": 1.3325062990964316e-09,
    "lidar_temp_c": 2.737269745456871e-07,
    "compute_load_pct": 1.8747848610628524e-07
  },
  "drifted_feature_count": 4,
  "max_drift_score": 2.737269745456871e-07
}