{
  "generated_at": "2026-07-23T00:03:24.077708+00:00",
  "html_report": "data_drift_20260723T000323Z.html",
  "window_size": 50,
  "feature_scores": {
    "speed_mph": 4.72677170410894e-06,
    "brake_pressure": 4.4377550289590614e-05,
    "lidar_temp_c": 0.0012187943274704954,
    "compute_load_pct": 0.0005658166935652612
  },
  "drifted_feature_count": 4,
  "max_drift_score": 0.0012187943274704954
}