{
  "generated_at": "2026-07-23T00:17:39.067467+00:00",
  "html_report": "data_drift_20260723T001738Z.html",
  "window_size": 50,
  "feature_scores": {
    "speed_mph": 2.551683135564056e-12,
    "brake_pressure": 2.551683135564056e-12,
    "lidar_temp_c": 2.072234044508264e-09,
    "compute_load_pct": 3.427199087935361e-10
  },
  "drifted_feature_count": 4,
  "max_drift_score": 2.072234044508264e-09
}