{
  "generated_at": "2026-07-23T00:06:46.068473+00:00",
  "html_report": "data_drift_20260723T000645Z.html",
  "window_size": 50,
  "feature_scores": {
    "speed_mph": 7.543605020950727e-09,
    "brake_pressure": 2.6171156558240124e-08,
    "lidar_temp_c": 9.177863655050725e-06,
    "compute_load_pct": 8.067398768006476e-05
  },
  "drifted_feature_count": 4,
  "max_drift_score": 8.067398768006476e-05
}