{
  "generated_at": "2026-07-23T00:13:22.226975+00:00",
  "html_report": "data_drift_20260723T001321Z.html",
  "window_size": 50,
  "feature_scores": {
    "speed_mph": 9.351430761923555e-16,
    "brake_pressure": 1.4399548700374335e-16,
    "lidar_temp_c": 4.2783105102506104e-12,
    "compute_load_pct": 3.1398105328036254e-15
  },
  "drifted_feature_count": 4,
  "max_drift_score": 4.2783105102506104e-12
}