{
  "generated_at": "2026-07-23T00:07:50.054185+00:00",
  "html_report": "data_drift_20260723T000749Z.html",
  "window_size": 50,
  "feature_scores": {
    "speed_mph": 3.1398105328036254e-15,
    "brake_pressure": 3.256281496101024e-14,
    "lidar_temp_c": 3.205053315887109e-09,
    "compute_load_pct": 1.1809820393606536e-11
  },
  "drifted_feature_count": 4,
  "max_drift_score": 3.205053315887109e-09
}