{
  "generated_at": "2026-07-23T00:09:45.063711+00:00",
  "html_report": "data_drift_20260723T000944Z.html",
  "window_size": 50,
  "feature_scores": {
    "speed_mph": 1.7196131675749554e-15,
    "brake_pressure": 5.692897362062368e-15,
    "lidar_temp_c": 1.5125423168580682e-12,
    "compute_load_pct": 3.034193927177243e-13
  },
  "drifted_feature_count": 4,
  "max_drift_score": 1.5125423168580682e-12
}