{
  "generated_at": "2026-07-23T00:07:48.109040+00:00",
  "html_report": "data_drift_20260723T000747Z.html",
  "window_size": 50,
  "feature_scores": {
    "speed_mph": 3.1398105328036254e-15,
    "brake_pressure": 3.256281496101024e-14,
    "lidar_temp_c": 5.419238756078555e-10,
    "compute_load_pct": 8.52135389578318e-10
  },
  "drifted_feature_count": 4,
  "max_drift_score": 8.52135389578318e-10
}