{
  "generated_at": "2026-07-23T00:04:23.041759+00:00",
  "html_report": "data_drift_20260723T000422Z.html",
  "window_size": 50,
  "feature_scores": {
    "speed_mph": 7.543605020950727e-09,
    "brake_pressure": 3.205053315887109e-09,
    "lidar_temp_c": 5.842394211803587e-08,
    "compute_load_pct": 1.1831420237665045e-06
  },
  "drifted_feature_count": 4,
  "max_drift_score": 1.1831420237665045e-06
}