{
  "generated_at": "2026-07-23T00:12:44.097577+00:00",
  "html_report": "data_drift_20260723T001243Z.html",
  "window_size": 50,
  "feature_scores": {
    "speed_mph": 5.419238756078555e-10,
    "brake_pressure": 2.072234044508264e-09,
    "lidar_temp_c": 3.205053315887109e-09,
    "compute_load_pct": 3.920451560972566e-08
  },
  "drifted_feature_count": 4,
  "max_drift_score": 3.920451560972566e-08
}