{
  "generated_at": "2026-07-23T00:05:33.109832+00:00",
  "html_report": "data_drift_20260723T000532Z.html",
  "window_size": 50,
  "feature_scores": {
    "speed_mph": 3.4722508658109455e-19,
    "brake_pressure": 8.3102294558521e-20,
    "lidar_temp_c": 5.049017602959833e-16,
    "compute_load_pct": 1.4399548700374335e-16
  },
  "drifted_feature_count": 4,
  "max_drift_score": 5.049017602959833e-16
}