{
  "generated_at": "2026-07-23T00:06:03.090490+00:00",
  "html_report": "data_drift_20260723T000602Z.html",
  "window_size": 50,
  "feature_scores": {
    "speed_mph": 9.351430761923555e-16,
    "brake_pressure": 3.9858663257973207e-17,
    "lidar_temp_c": 8.91022313827994e-13,
    "compute_load_pct": 3.256281496101024e-14
  },
  "drifted_feature_count": 4,
  "max_drift_score": 8.91022313827994e-13
}