{
  "generated_at": "2026-07-23T00:07:54.088903+00:00",
  "html_report": "data_drift_20260723T000753Z.html",
  "window_size": 50,
  "feature_scores": {
    "speed_mph": 8.91022313827994e-13,
    "brake_pressure": 8.91022313827994e-13,
    "lidar_temp_c": 1.2775685178883248e-07,
    "compute_load_pct": 1.3325062990964316e-09
  },
  "drifted_feature_count": 4,
  "max_drift_score": 1.2775685178883248e-07
}