{
  "generated_at": "2026-07-23T00:09:57.080207+00:00",
  "html_report": "data_drift_20260723T000956Z.html",
  "window_size": 50,
  "feature_scores": {
    "speed_mph": 1.7537231580038654e-13,
    "brake_pressure": 3.034193927177243e-13,
    "lidar_temp_c": 8.91022313827994e-13,
    "compute_load_pct": 5.179168251277617e-11
  },
  "drifted_feature_count": 4,
  "max_drift_score": 5.179168251277617e-11
}