{
  "generated_at": "2026-07-23T00:08:50.038953+00:00",
  "html_report": "data_drift_20260723T000849Z.html",
  "window_size": 50,
  "feature_scores": {
    "speed_mph": 1.0250772442945007e-14,
    "brake_pressure": 1.5125423168580682e-12,
    "lidar_temp_c": 3.034193927177243e-13,
    "compute_load_pct": 7.129672607494152e-12
  },
  "drifted_feature_count": 4,
  "max_drift_score": 7.129672607494152e-12
}