{
  "generated_at": "2026-07-23T00:07:38.025570+00:00",
  "html_report": "data_drift_20260723T000737Z.html",
  "window_size": 50,
  "feature_scores": {
    "speed_mph": 8.52135389578318e-10,
    "brake_pressure": 1.3325062990964316e-09,
    "lidar_temp_c": 8.266907718865675e-07,
    "compute_load_pct": 3.205053315887109e-09
  },
  "drifted_feature_count": 4,
  "max_drift_score": 8.266907718865675e-07
}