{
  "generated_at": "2026-07-23T00:09:47.052579+00:00",
  "html_report": "data_drift_20260723T000946Z.html",
  "window_size": 50,
  "feature_scores": {
    "speed_mph": 2.706309772372463e-16,
    "brake_pressure": 1.7196131675749554e-15,
    "lidar_temp_c": 1.7196131675749554e-15,
    "compute_load_pct": 1.5125423168580682e-12
  },
  "drifted_feature_count": 4,
  "max_drift_score": 1.5125423168580682e-12
}