{
  "generated_at": "2026-07-23T00:10:08.062988+00:00",
  "html_report": "data_drift_20260723T001007Z.html",
  "window_size": 50,
  "feature_scores": {
    "speed_mph": 5.419238756078555e-10,
    "brake_pressure": 5.419238756078555e-10,
    "lidar_temp_c": 3.427199087935361e-10,
    "compute_load_pct": 4.930332895000974e-09
  },
  "drifted_feature_count": 4,
  "max_drift_score": 4.930332895000974e-09
}