{
  "generated_at": "2026-07-23T00:07:35.997669+00:00",
  "html_report": "data_drift_20260723T000735Z.html",
  "window_size": 50,
  "feature_scores": {
    "speed_mph": 2.6171156558240124e-08,
    "brake_pressure": 1.8747848610628524e-07,
    "lidar_temp_c": 9.177863655050725e-06,
    "compute_load_pct": 3.976456018982548e-07
  },
  "drifted_feature_count": 4,
  "max_drift_score": 9.177863655050725e-06
}