{
  "generated_at": "2026-07-23T00:18:04.039271+00:00",
  "html_report": "data_drift_20260723T001803Z.html",
  "window_size": 50,
  "feature_scores": {
    "speed_mph": 3.182844566615983e-11,
    "brake_pressure": 3.427199087935361e-10,
    "lidar_temp_c": 1.3325062990964316e-09,
    "compute_load_pct": 1.1480481751200985e-08
  },
  "drifted_feature_count": 4,
  "max_drift_score": 1.1480481751200985e-08
}