{
  "generated_at": "2026-07-23T00:19:02.028295+00:00",
  "html_report": "data_drift_20260723T001901Z.html",
  "window_size": 50,
  "feature_scores": {
    "speed_mph": 1.6849772964595359e-06,
    "brake_pressure": 3.2685488897080415e-05,
    "lidar_temp_c": 0.00019103335229037947,
    "compute_load_pct": 2.3961748961816766e-05
  },
  "drifted_feature_count": 4,
  "max_drift_score": 0.00019103335229037947
}