{
  "generated_at": "2026-07-23T00:07:47.037686+00:00",
  "html_report": "data_drift_20260723T000746Z.html",
  "window_size": 50,
  "feature_scores": {
    "speed_mph": 3.182844566615983e-11,
    "brake_pressure": 2.1552232953672983e-10,
    "lidar_temp_c": 3.976456018982548e-07,
    "compute_load_pct": 8.52135389578318e-10
  },
  "drifted_feature_count": 4,
  "max_drift_score": 3.976456018982548e-07
}