{
  "generated_at": "2026-07-23T00:08:34.041716+00:00",
  "html_report": "data_drift_20260723T000833Z.html",
  "window_size": 50,
  "feature_scores": {
    "speed_mph": 5.74554047091379e-14,
    "brake_pressure": 8.91022313827994e-13,
    "lidar_temp_c": 1.9445425227899833e-11,
    "compute_load_pct": 1.3476500236572368e-10
  },
  "drifted_feature_count": 4,
  "max_drift_score": 1.3476500236572368e-10
}