{
  "generated_at": "2026-07-23T00:09:10.042299+00:00",
  "html_report": "data_drift_20260723T000909Z.html",
  "window_size": 50,
  "feature_scores": {
    "speed_mph": 1.4399548700374335e-16,
    "brake_pressure": 1.7196131675749554e-15,
    "lidar_temp_c": 1.3476500236572368e-10,
    "compute_load_pct": 2.706309772372463e-16
  },
  "drifted_feature_count": 4,
  "max_drift_score": 1.3476500236572368e-10
}