{
  "generated_at": "2026-07-23T00:04:44.088280+00:00",
  "html_report": "data_drift_20260723T000443Z.html",
  "window_size": 50,
  "feature_scores": {
    "speed_mph": 8.067398768006476e-05,
    "brake_pressure": 0.0001439802082505201,
    "lidar_temp_c": 0.0005658166935652612,
    "compute_load_pct": 1.7484135125363746e-05
  },
  "drifted_feature_count": 4,
  "max_drift_score": 0.0005658166935652612
}