{
  "generated_at": "2026-07-23T00:10:30.078563+00:00",
  "html_report": "data_drift_20260723T001029Z.html",
  "window_size": 50,
  "feature_scores": {
    "speed_mph": 8.91022313827994e-13,
    "brake_pressure": 1.9445425227899833e-11,
    "lidar_temp_c": 2.551683135564056e-12,
    "compute_load_pct": 1.3325062990964316e-09
  },
  "drifted_feature_count": 4,
  "max_drift_score": 1.3325062990964316e-09
}