{
  "generated_at": "2026-07-23T00:04:39.033988+00:00",
  "html_report": "data_drift_20260723T000438Z.html",
  "window_size": 50,
  "feature_scores": {
    "speed_mph": 8.52135389578318e-10,
    "brake_pressure": 2.072234044508264e-09,
    "lidar_temp_c": 1.2775685178883248e-07,
    "compute_load_pct": 8.661678516243333e-08
  },
  "drifted_feature_count": 4,
  "max_drift_score": 1.2775685178883248e-07
}