{
  "generated_at": "2026-07-23T00:10:21.998378+00:00",
  "html_report": "data_drift_20260723T001021Z.html",
  "window_size": 50,
  "feature_scores": {
    "speed_mph": 3.4722508658109455e-19,
    "brake_pressure": 2.706309772372463e-16,
    "lidar_temp_c": 9.351430761923555e-16,
    "compute_load_pct": 9.351430761923555e-16
  },
  "drifted_feature_count": 4,
  "max_drift_score": 9.351430761923555e-16
}