{
  "generated_at": "2026-07-23T00:06:45.040948+00:00",
  "html_report": "data_drift_20260723T000644Z.html",
  "window_size": 50,
  "feature_scores": {
    "speed_mph": 1.7379453511042597e-08,
    "brake_pressure": 4.930332895000974e-09,
    "lidar_temp_c": 5.74778329932506e-07,
    "compute_load_pct": 8.067398768006476e-05
  },
  "drifted_feature_count": 4,
  "max_drift_score": 8.067398768006476e-05
}