{
  "generated_at": "2026-07-23T00:03:07.042540+00:00",
  "html_report": "data_drift_20260723T000306Z.html",
  "window_size": 50,
  "feature_scores": {
    "speed_mph": 9.177863655050725e-06,
    "brake_pressure": 1.7484135125363746e-05,
    "lidar_temp_c": 0.00318729152136304,
    "compute_load_pct": 0.011830234490631576
  },
  "drifted_feature_count": 4,
  "max_drift_score": 0.011830234490631576
}