{
  "generated_at": "2026-07-23T00:03:18.065908+00:00",
  "html_report": "data_drift_20260723T000317Z.html",
  "window_size": 50,
  "feature_scores": {
    "speed_mph": 1.7484135125363746e-05,
    "brake_pressure": 0.0001439802082505201,
    "lidar_temp_c": 0.0019883290717243904,
    "compute_load_pct": 0.0015601479814507737
  },
  "drifted_feature_count": 4,
  "max_drift_score": 0.0019883290717243904
}