{
  "generated_at": "2026-07-23T00:08:49.027635+00:00",
  "html_report": "data_drift_20260723T000848Z.html",
  "window_size": 50,
  "feature_scores": {
    "speed_mph": 3.1398105328036254e-15,
    "brake_pressure": 1.7537231580038654e-13,
    "lidar_temp_c": 3.034193927177243e-13,
    "compute_load_pct": 8.91022313827994e-13
  },
  "drifted_feature_count": 4,
  "max_drift_score": 8.91022313827994e-13
}