{
  "generated_at": "2026-07-23T00:06:51.012302+00:00",
  "html_report": "data_drift_20260723T000650Z.html",
  "window_size": 50,
  "feature_scores": {
    "speed_mph": 8.378637194444722e-11,
    "brake_pressure": 2.072234044508264e-09,
    "lidar_temp_c": 7.543605020950727e-09,
    "compute_load_pct": 1.3476500236572368e-10
  },
  "drifted_feature_count": 4,
  "max_drift_score": 7.543605020950727e-09
}