{
  "generated_at": "2026-07-23T00:11:33.216361+00:00",
  "html_report": "data_drift_20260723T001132Z.html",
  "window_size": 50,
  "feature_scores": {
    "speed_mph": 2.551683135564056e-12,
    "brake_pressure": 1.9445425227899833e-11,
    "lidar_temp_c": 1.9445425227899833e-11,
    "compute_load_pct": 3.427199087935361e-10
  },
  "drifted_feature_count": 4,
  "max_drift_score": 3.427199087935361e-10
}