{
  "generated_at": "2026-07-23T00:17:41.004995+00:00",
  "html_report": "data_drift_20260723T001740Z.html",
  "window_size": 50,
  "feature_scores": {
    "speed_mph": 1.3476500236572368e-10,
    "brake_pressure": 8.52135389578318e-10,
    "lidar_temp_c": 3.427199087935361e-10,
    "compute_load_pct": 5.842394211803587e-08
  },
  "drifted_feature_count": 4,
  "max_drift_score": 5.842394211803587e-08
}