{
  "generated_at": "2026-07-23T00:07:20.057369+00:00",
  "html_report": "data_drift_20260723T000719Z.html",
  "window_size": 50,
  "feature_scores": {
    "speed_mph": 1.9445425227899833e-11,
    "brake_pressure": 4.2783105102506104e-12,
    "lidar_temp_c": 7.543605020950727e-09,
    "compute_load_pct": 3.920451560972566e-08
  },
  "drifted_feature_count": 4,
  "max_drift_score": 3.920451560972566e-08
}