{
  "generated_at": "2026-07-23T00:17:43.045313+00:00",
  "html_report": "data_drift_20260723T001742Z.html",
  "window_size": 50,
  "feature_scores": {
    "speed_mph": 1.9445425227899833e-11,
    "brake_pressure": 5.419238756078555e-10,
    "lidar_temp_c": 3.920451560972566e-08,
    "compute_load_pct": 3.920451560972566e-08
  },
  "drifted_feature_count": 4,
  "max_drift_score": 3.920451560972566e-08
}