{
  "generated_at": "2026-07-23T00:18:32.092289+00:00",
  "html_report": "data_drift_20260723T001831Z.html",
  "window_size": 50,
  "feature_scores": {
    "speed_mph": 2.551683135564056e-12,
    "brake_pressure": 1.3476500236572368e-10,
    "lidar_temp_c": 7.543605020950727e-09,
    "compute_load_pct": 7.543605020950727e-09
  },
  "drifted_feature_count": 4,
  "max_drift_score": 7.543605020950727e-09
}