{
  "generated_at": "2026-07-23T00:08:38.043659+00:00",
  "html_report": "data_drift_20260723T000837Z.html",
  "window_size": 50,
  "feature_scores": {
    "speed_mph": 9.351430761923555e-16,
    "brake_pressure": 5.74554047091379e-14,
    "lidar_temp_c": 2.551683135564056e-12,
    "compute_load_pct": 7.129672607494152e-12
  },
  "drifted_feature_count": 4,
  "max_drift_score": 7.129672607494152e-12
}