{
  "generated_at": "2026-07-23T00:08:22.050970+00:00",
  "html_report": "data_drift_20260723T000821Z.html",
  "window_size": 50,
  "feature_scores": {
    "speed_mph": 5.049017602959833e-16,
    "brake_pressure": 5.74554047091379e-14,
    "lidar_temp_c": 1.9445425227899833e-11,
    "compute_load_pct": 7.129672607494152e-12
  },
  "drifted_feature_count": 4,
  "max_drift_score": 1.9445425227899833e-11
}