{
  "generated_at": "2026-07-23T00:08:11.177804+00:00",
  "html_report": "data_drift_20260723T000810Z.html",
  "window_size": 50,
  "feature_scores": {
    "speed_mph": 1.0250772442945007e-14,
    "brake_pressure": 3.034193927177243e-13,
    "lidar_temp_c": 5.692897362062368e-15,
    "compute_load_pct": 1.7379453511042597e-08
  },
  "drifted_feature_count": 4,
  "max_drift_score": 1.7379453511042597e-08
}