{
  "generated_at": "2026-07-23T00:05:50.104513+00:00",
  "html_report": "data_drift_20260723T000549Z.html",
  "window_size": 50,
  "feature_scores": {
    "speed_mph": 4.0124739230285465e-20,
    "brake_pressure": 9.104967546289762e-21,
    "lidar_temp_c": 3.1398105328036254e-15,
    "compute_load_pct": 1.7060493351707834e-19
  },
  "drifted_feature_count": 4,
  "max_drift_score": 3.1398105328036254e-15
}