{
  "generated_at": "2026-07-23T00:18:27.044561+00:00",
  "html_report": "data_drift_20260723T001826Z.html",
  "window_size": 50,
  "feature_scores": {
    "speed_mph": 3.256281496101024e-14,
    "brake_pressure": 3.256281496101024e-14,
    "lidar_temp_c": 1.0070868396104524e-13,
    "compute_load_pct": 1.0070868396104524e-13
  },
  "drifted_feature_count": 4,
  "max_drift_score": 1.0070868396104524e-13
}