{
  "generated_at": "2026-07-23T00:08:15.047070+00:00",
  "html_report": "data_drift_20260723T000814Z.html",
  "window_size": 50,
  "feature_scores": {
    "speed_mph": 1.4399548700374335e-16,
    "brake_pressure": 1.7196131675749554e-15,
    "lidar_temp_c": 5.049017602959833e-16,
    "compute_load_pct": 2.551683135564056e-12
  },
  "drifted_feature_count": 4,
  "max_drift_score": 2.551683135564056e-12
}