{
  "generated_at": "2026-07-23T00:10:16.028956+00:00",
  "html_report": "data_drift_20260723T001015Z.html",
  "window_size": 50,
  "feature_scores": {
    "speed_mph": 5.216065643350572e-13,
    "brake_pressure": 1.5125423168580682e-12,
    "lidar_temp_c": 8.91022313827994e-13,
    "compute_load_pct": 8.378637194444722e-11
  },
  "drifted_feature_count": 4,
  "max_drift_score": 8.378637194444722e-11
}