{
  "generated_at": "2026-07-23T00:03:46.053912+00:00",
  "html_report": "data_drift_20260723T000345Z.html",
  "window_size": 50,
  "feature_scores": {
    "speed_mph": 8.661678516243333e-08,
    "brake_pressure": 5.842394211803587e-08,
    "lidar_temp_c": 1.1831420237665045e-06,
    "compute_load_pct": 1.7484135125363746e-05
  },
  "drifted_feature_count": 4,
  "max_drift_score": 1.7484135125363746e-05
}