{
  "generated_at": "2026-07-23T00:10:09.019449+00:00",
  "html_report": "data_drift_20260723T001008Z.html",
  "window_size": 50,
  "feature_scores": {
    "speed_mph": 3.205053315887109e-09,
    "brake_pressure": 3.205053315887109e-09,
    "lidar_temp_c": 3.427199087935361e-10,
    "compute_load_pct": 2.6171156558240124e-08
  },
  "drifted_feature_count": 4,
  "max_drift_score": 2.6171156558240124e-08
}