{
  "generated_at": "2026-07-23T00:17:54.016650+00:00",
  "html_report": "data_drift_20260723T001753Z.html",
  "window_size": 50,
  "feature_scores": {
    "speed_mph": 5.419238756078555e-10,
    "brake_pressure": 2.072234044508264e-09,
    "lidar_temp_c": 5.419238756078555e-10,
    "compute_load_pct": 5.842394211803587e-08
  },
  "drifted_feature_count": 4,
  "max_drift_score": 5.842394211803587e-08
}