{
  "generated_at": "2026-07-23T00:07:01.087202+00:00",
  "html_report": "data_drift_20260723T000700Z.html",
  "window_size": 50,
  "feature_scores": {
    "speed_mph": 8.378637194444722e-11,
    "brake_pressure": 2.1552232953672983e-10,
    "lidar_temp_c": 2.551683135564056e-12,
    "compute_load_pct": 7.543605020950727e-09
  },
  "drifted_feature_count": 4,
  "max_drift_score": 7.543605020950727e-09
}