{
  "generated_at": "2026-07-23T00:08:51.001487+00:00",
  "html_report": "data_drift_20260723T000850Z.html",
  "window_size": 50,
  "feature_scores": {
    "speed_mph": 1.0250772442945007e-14,
    "brake_pressure": 1.5125423168580682e-12,
    "lidar_temp_c": 3.256281496101024e-14,
    "compute_load_pct": 8.91022313827994e-13
  },
  "drifted_feature_count": 4,
  "max_drift_score": 1.5125423168580682e-12
}