{
  "generated_at": "2026-07-23T00:05:17.120202+00:00",
  "html_report": "data_drift_20260723T000516Z.html",
  "window_size": 50,
  "feature_scores": {
    "speed_mph": 1.2907020026781262e-24,
    "brake_pressure": 1.641512405623937e-23,
    "lidar_temp_c": 5.478728757098768e-18,
    "compute_load_pct": 1.9200984297364184e-20
  },
  "drifted_feature_count": 4,
  "max_drift_score": 5.478728757098768e-18
}