{
  "generated_at": "2026-07-23T00:05:51.051280+00:00",
  "html_report": "data_drift_20260723T000550Z.html",
  "window_size": 50,
  "feature_scores": {
    "speed_mph": 8.3102294558521e-20,
    "brake_pressure": 1.990815183917944e-21,
    "lidar_temp_c": 5.692897362062368e-15,
    "compute_load_pct": 2.7829882737674886e-18
  },
  "drifted_feature_count": 4,
  "max_drift_score": 5.692897362062368e-15
}