{
  "generated_at": "2026-07-23T00:02:43.900019+00:00",
  "html_report": "data_drift_20260723T000242Z.html",
  "window_size": 50,
  "feature_scores": {
    "speed_mph": 0.037644614997159605,
    "brake_pressure": 0.044984913992041575,
    "lidar_temp_c": 0.0019883290717243904,
    "compute_load_pct": 0.27515307727794197
  },
  "drifted_feature_count": 4,
  "max_drift_score": 0.27515307727794197
}