{
  "generated_at": "2026-07-23T00:11:50.031902+00:00",
  "html_report": "data_drift_20260723T001149Z.html",
  "window_size": 50,
  "feature_scores": {
    "speed_mph": 7.007002724420268e-19,
    "brake_pressure": 7.007002724420268e-19,
    "lidar_temp_c": 2.0731748165574056e-17,
    "compute_load_pct": 5.692897362062368e-15
  },
  "drifted_feature_count": 4,
  "max_drift_score": 5.692897362062368e-15
}