{
  "generated_at": "2026-07-23T00:06:55.056785+00:00",
  "html_report": "data_drift_20260723T000654Z.html",
  "window_size": 50,
  "feature_scores": {
    "speed_mph": 8.378637194444722e-11,
    "brake_pressure": 2.1552232953672983e-10,
    "lidar_temp_c": 3.205053315887109e-09,
    "compute_load_pct": 1.7379453511042597e-08
  },
  "drifted_feature_count": 4,
  "max_drift_score": 1.7379453511042597e-08
}