{
  "generated_at": "2026-07-23T00:02:45.024209+00:00",
  "html_report": "data_drift_20260723T000244Z.html",
  "window_size": 50,
  "feature_scores": {
    "speed_mph": 0.18519174823725346,
    "brake_pressure": 0.08797016298952011,
    "lidar_temp_c": 0.026030974091796902,
    "compute_load_pct": 0.27515307727794197
  },
  "drifted_feature_count": 4,
  "max_drift_score": 0.27515307727794197
}