{
  "generated_at": "2026-07-23T00:03:51.040633+00:00",
  "html_report": "data_drift_20260723T000350Z.html",
  "window_size": 50,
  "feature_scores": {
    "speed_mph": 1.7484135125363746e-05,
    "brake_pressure": 0.0001439802082505201,
    "lidar_temp_c": 0.0004342269385476108,
    "compute_load_pct": 0.0004342269385476108
  },
  "drifted_feature_count": 4,
  "max_drift_score": 0.0004342269385476108
}