{
  "generated_at": "2026-07-23T00:18:42.082391+00:00",
  "html_report": "data_drift_20260723T001841Z.html",
  "window_size": 50,
  "feature_scores": {
    "speed_mph": 2.6171156558240124e-08,
    "brake_pressure": 8.661678516243333e-08,
    "lidar_temp_c": 3.976456018982548e-07,
    "compute_load_pct": 2.387957661696139e-06
  },
  "drifted_feature_count": 4,
  "max_drift_score": 2.387957661696139e-06
}