{
  "generated_at": "2026-07-23T00:11:15.079387+00:00",
  "html_report": "data_drift_20260723T001114Z.html",
  "window_size": 50,
  "feature_scores": {
    "speed_mph": 3.034193927177243e-13,
    "brake_pressure": 1.5125423168580682e-12,
    "lidar_temp_c": 2.1552232953672983e-10,
    "compute_load_pct": 2.072234044508264e-09
  },
  "drifted_feature_count": 4,
  "max_drift_score": 2.072234044508264e-09
}