{
  "generated_at": "2026-07-23T00:18:09.016369+00:00",
  "html_report": "data_drift_20260723T001808Z.html",
  "window_size": 50,
  "feature_scores": {
    "speed_mph": 1.7196131675749554e-15,
    "brake_pressure": 1.7196131675749554e-15,
    "lidar_temp_c": 3.256281496101024e-14,
    "compute_load_pct": 4.2783105102506104e-12
  },
  "drifted_feature_count": 4,
  "max_drift_score": 4.2783105102506104e-12
}