{
  "generated_at": "2026-07-23T00:02:47.086309+00:00",
  "html_report": "data_drift_20260723T000246Z.html",
  "window_size": 50,
  "feature_scores": {
    "speed_mph": 0.3504667847923358,
    "brake_pressure": 0.6953180375733088,
    "lidar_temp_c": 0.3504667847923358,
    "compute_load_pct": 0.31124072536692116
  },
  "drifted_feature_count": 4,
  "max_drift_score": 0.6953180375733088
}