{
  "generated_at": "2026-07-23T00:05:35.095838+00:00",
  "html_report": "data_drift_20260723T000534Z.html",
  "window_size": 50,
  "feature_scores": {
    "speed_mph": 4.277654093685074e-21,
    "brake_pressure": 1.8927876706791422e-22,
    "lidar_temp_c": 3.4722508658109455e-19,
    "compute_load_pct": 1.990815183917944e-21
  },
  "drifted_feature_count": 4,
  "max_drift_score": 3.4722508658109455e-19
}