{
  "generated_at": "2026-07-23T00:11:24.047818+00:00",
  "html_report": "data_drift_20260723T001123Z.html",
  "window_size": 50,
  "feature_scores": {
    "speed_mph": 4.0124739230285465e-20,
    "brake_pressure": 3.9858663257973207e-17,
    "lidar_temp_c": 2.551683135564056e-12,
    "compute_load_pct": 3.256281496101024e-14
  },
  "drifted_feature_count": 4,
  "max_drift_score": 2.551683135564056e-12
}