{
  "generated_at": "2026-07-23T00:18:55.017437+00:00",
  "html_report": "data_drift_20260723T001854Z.html",
  "window_size": 50,
  "feature_scores": {
    "speed_mph": 1.6849772964595359e-06,
    "brake_pressure": 4.72677170410894e-06,
    "lidar_temp_c": 8.266907718865675e-07,
    "compute_load_pct": 4.72677170410894e-06
  },
  "drifted_feature_count": 4,
  "max_drift_score": 4.72677170410894e-06
}