{
  "generated_at": "2026-07-23T00:18:37.072111+00:00",
  "html_report": "data_drift_20260723T001836Z.html",
  "window_size": 50,
  "feature_scores": {
    "speed_mph": 7.543605020950727e-09,
    "brake_pressure": 2.072234044508264e-09,
    "lidar_temp_c": 1.3325062990964316e-09,
    "compute_load_pct": 6.60226172163507e-06
  },
  "drifted_feature_count": 4,
  "max_drift_score": 6.60226172163507e-06
}