{
  "generated_at": "2026-07-23T00:03:30.013168+00:00",
  "html_report": "data_drift_20260723T000329Z.html",
  "window_size": 50,
  "feature_scores": {
    "speed_mph": 4.930332895000974e-09,
    "brake_pressure": 5.419238756078555e-10,
    "lidar_temp_c": 2.387957661696139e-06,
    "compute_load_pct": 8.661678516243333e-08
  },
  "drifted_feature_count": 4,
  "max_drift_score": 2.387957661696139e-06
}