{
  "generated_at": "2026-07-23T00:10:20.005228+00:00",
  "html_report": "data_drift_20260723T001019Z.html",
  "window_size": 50,
  "feature_scores": {
    "speed_mph": 7.604638639694081e-17,
    "brake_pressure": 5.049017602959833e-16,
    "lidar_temp_c": 3.1398105328036254e-15,
    "compute_load_pct": 3.256281496101024e-14
  },
  "drifted_feature_count": 4,
  "max_drift_score": 3.256281496101024e-14
}