{
  "generated_at": "2026-07-23T00:04:24.038270+00:00",
  "html_report": "data_drift_20260723T000423Z.html",
  "window_size": 50,
  "feature_scores": {
    "speed_mph": 3.182844566615983e-11,
    "brake_pressure": 1.1809820393606536e-11,
    "lidar_temp_c": 3.427199087935361e-10,
    "compute_load_pct": 4.930332895000974e-09
  },
  "drifted_feature_count": 4,
  "max_drift_score": 4.930332895000974e-09
}