{
  "generated_at": "2026-07-23T00:04:11.008044+00:00",
  "html_report": "data_drift_20260723T000410Z.html",
  "window_size": 50,
  "feature_scores": {
    "speed_mph": 0.006260969923189267,
    "brake_pressure": 0.005020927476292052,
    "lidar_temp_c": 0.007773653084378677,
    "compute_load_pct": 0.044984913992041575
  },
  "drifted_feature_count": 4,
  "max_drift_score": 0.044984913992041575
}