{
  "generated_at": "2026-07-23T00:05:01.100661+00:00",
  "html_report": "data_drift_20260723T000500Z.html",
  "window_size": 50,
  "feature_scores": {
    "speed_mph": 9.136899104220231e-26,
    "brake_pressure": 2.239884119475369e-27,
    "lidar_temp_c": 9.176491883392612e-22,
    "compute_load_pct": 9.104967546289762e-21
  },
  "drifted_feature_count": 4,
  "max_drift_score": 9.104967546289762e-21
}