{
  "generated_at": "2026-07-23T00:07:44.098941+00:00",
  "html_report": "data_drift_20260723T000743Z.html",
  "window_size": 50,
  "feature_scores": {
    "speed_mph": 1.9445425227899833e-11,
    "brake_pressure": 1.3476500236572368e-10,
    "lidar_temp_c": 3.427199087935361e-10,
    "compute_load_pct": 1.3476500236572368e-10
  },
  "drifted_feature_count": 4,
  "max_drift_score": 3.427199087935361e-10
}