{
  "generated_at": "2026-07-23T00:08:21.103536+00:00",
  "html_report": "data_drift_20260723T000820Z.html",
  "window_size": 50,
  "feature_scores": {
    "speed_mph": 3.9858663257973207e-17,
    "brake_pressure": 5.692897362062368e-15,
    "lidar_temp_c": 5.179168251277617e-11,
    "compute_load_pct": 8.91022313827994e-13
  },
  "drifted_feature_count": 4,
  "max_drift_score": 5.179168251277617e-11
}