{
  "generated_at": "2026-07-23T00:08:28.112319+00:00",
  "html_report": "data_drift_20260723T000827Z.html",
  "window_size": 50,
  "feature_scores": {
    "speed_mph": 4.0124739230285465e-20,
    "brake_pressure": 8.3102294558521e-20,
    "lidar_temp_c": 3.256281496101024e-14,
    "compute_load_pct": 2.706309772372463e-16
  },
  "drifted_feature_count": 4,
  "max_drift_score": 3.256281496101024e-14
}