{
  "generated_at": "2026-07-23T00:11:03.012192+00:00",
  "html_report": "data_drift_20260723T001102Z.html",
  "window_size": 50,
  "feature_scores": {
    "speed_mph": 2.706309772372463e-16,
    "brake_pressure": 5.692897362062368e-15,
    "lidar_temp_c": 3.034193927177243e-13,
    "compute_load_pct": 7.129672607494152e-12
  },
  "drifted_feature_count": 4,
  "max_drift_score": 7.129672607494152e-12
}