{
  "generated_at": "2026-07-23T00:07:56.998443+00:00",
  "html_report": "data_drift_20260723T000756Z.html",
  "window_size": 50,
  "feature_scores": {
    "speed_mph": 2.072234044508264e-09,
    "brake_pressure": 5.419238756078555e-10,
    "lidar_temp_c": 3.920451560972566e-08,
    "compute_load_pct": 5.74778329932506e-07
  },
  "drifted_feature_count": 4,
  "max_drift_score": 5.74778329932506e-07
}