{
  "generated_at": "2026-07-23T00:07:58.995180+00:00",
  "html_report": "data_drift_20260723T000758Z.html",
  "window_size": 50,
  "feature_scores": {
    "speed_mph": 3.205053315887109e-09,
    "brake_pressure": 1.1480481751200985e-08,
    "lidar_temp_c": 2.6171156558240124e-08,
    "compute_load_pct": 8.661678516243333e-08
  },
  "drifted_feature_count": 4,
  "max_drift_score": 8.661678516243333e-08
}