{
  "generated_at": "2026-07-23T00:04:10.015986+00:00",
  "html_report": "data_drift_20260723T000409Z.html",
  "window_size": 50,
  "feature_scores": {
    "speed_mph": 0.004009092524548735,
    "brake_pressure": 0.005020927476292052,
    "lidar_temp_c": 0.00318729152136304,
    "compute_load_pct": 0.02150961809529076
  },
  "drifted_feature_count": 4,
  "max_drift_score": 0.02150961809529076
}