{
  "generated_at": "2026-07-23T00:19:00.059441+00:00",
  "html_report": "data_drift_20260723T001859Z.html",
  "window_size": 50,
  "feature_scores": {
    "speed_mph": 3.3678002460436764e-06,
    "brake_pressure": 3.3678002460436764e-06,
    "lidar_temp_c": 4.4377550289590614e-05,
    "compute_load_pct": 1.2697608205529389e-05
  },
  "drifted_feature_count": 4,
  "max_drift_score": 4.4377550289590614e-05
}