{
  "generated_at": "2026-07-23T00:06:37.031885+00:00",
  "html_report": "data_drift_20260723T000636Z.html",
  "window_size": 50,
  "feature_scores": {
    "speed_mph": 7.543605020950727e-09,
    "brake_pressure": 3.976456018982548e-07,
    "lidar_temp_c": 4.72677170410894e-06,
    "compute_load_pct": 1.2775685178883248e-07
  },
  "drifted_feature_count": 4,
  "max_drift_score": 4.72677170410894e-06
}