{
  "generated_at": "2026-07-23T00:09:22.093776+00:00",
  "html_report": "data_drift_20260723T000921Z.html",
  "window_size": 50,
  "feature_scores": {
    "speed_mph": 1.3476500236572368e-10,
    "brake_pressure": 2.1552232953672983e-10,
    "lidar_temp_c": 5.419238756078555e-10,
    "compute_load_pct": 5.179168251277617e-11
  },
  "drifted_feature_count": 4,
  "max_drift_score": 5.419238756078555e-10
}