{
  "generated_at": "2026-07-23T00:08:17.036822+00:00",
  "html_report": "data_drift_20260723T000816Z.html",
  "window_size": 50,
  "feature_scores": {
    "speed_mph": 1.4399548700374335e-16,
    "brake_pressure": 9.351430761923555e-16,
    "lidar_temp_c": 5.74554047091379e-14,
    "compute_load_pct": 1.7537231580038654e-13
  },
  "drifted_feature_count": 4,
  "max_drift_score": 1.7537231580038654e-13
}