{
  "generated_at": "2026-07-23T00:18:57.080274+00:00",
  "html_report": "data_drift_20260723T001856Z.html",
  "window_size": 50,
  "feature_scores": {
    "speed_mph": 1.6849772964595359e-06,
    "brake_pressure": 1.7484135125363746e-05,
    "lidar_temp_c": 2.3961748961816766e-05,
    "compute_load_pct": 3.2685488897080415e-05
  },
  "drifted_feature_count": 4,
  "max_drift_score": 3.2685488897080415e-05
}