{
  "generated_at": "2026-07-23T00:02:55.089882+00:00",
  "html_report": "data_drift_20260723T000254Z.html",
  "window_size": 50,
  "feature_scores": {
    "speed_mph": 0.6418820388431872,
    "brake_pressure": 0.6418820388431872,
    "lidar_temp_c": 0.8865238066063427,
    "compute_load_pct": 0.43807915835875966
  },
  "drifted_feature_count": 4,
  "max_drift_score": 0.8865238066063427
}