{
  "generated_at": "2026-07-23T00:08:13.996666+00:00",
  "html_report": "data_drift_20260723T000813Z.html",
  "window_size": 50,
  "feature_scores": {
    "speed_mph": 7.604638639694081e-17,
    "brake_pressure": 1.4399548700374335e-16,
    "lidar_temp_c": 1.7060493351707834e-19,
    "compute_load_pct": 1.9445425227899833e-11
  },
  "drifted_feature_count": 4,
  "max_drift_score": 1.9445425227899833e-11
}