{
  "generated_at": "2026-07-23T00:18:00.018552+00:00",
  "html_report": "data_drift_20260723T001759Z.html",
  "window_size": 50,
  "feature_scores": {
    "speed_mph": 5.419238756078555e-10,
    "brake_pressure": 2.6171156558240124e-08,
    "lidar_temp_c": 1.1480481751200985e-08,
    "compute_load_pct": 5.842394211803587e-08
  },
  "drifted_feature_count": 4,
  "max_drift_score": 5.842394211803587e-08
}