{
  "generated_at": "2026-07-23T00:11:24.996054+00:00",
  "html_report": "data_drift_20260723T001124Z.html",
  "window_size": 50,
  "feature_scores": {
    "speed_mph": 7.007002724420268e-19,
    "brake_pressure": 3.9858663257973207e-17,
    "lidar_temp_c": 8.52135389578318e-10,
    "compute_load_pct": 2.551683135564056e-12
  },
  "drifted_feature_count": 4,
  "max_drift_score": 8.52135389578318e-10
}