{
  "generated_at": "2026-07-23T00:07:00.009353+00:00",
  "html_report": "data_drift_20260723T000659Z.html",
  "window_size": 50,
  "feature_scores": {
    "speed_mph": 1.3325062990964316e-09,
    "brake_pressure": 1.3325062990964316e-09,
    "lidar_temp_c": 8.52135389578318e-10,
    "compute_load_pct": 3.976456018982548e-07
  },
  "drifted_feature_count": 4,
  "max_drift_score": 3.976456018982548e-07
}