{
  "generated_at": "2026-07-23T00:06:07.018144+00:00",
  "html_report": "data_drift_20260723T000606Z.html",
  "window_size": 50,
  "feature_scores": {
    "speed_mph": 1.0250772442945007e-14,
    "brake_pressure": 5.692897362062368e-15,
    "lidar_temp_c": 4.2783105102506104e-12,
    "compute_load_pct": 4.2783105102506104e-12
  },
  "drifted_feature_count": 4,
  "max_drift_score": 4.2783105102506104e-12
}