{
  "generated_at": "2026-07-23T00:09:31.008313+00:00",
  "html_report": "data_drift_20260723T000930Z.html",
  "window_size": 50,
  "feature_scores": {
    "speed_mph": 1.0250772442945007e-14,
    "brake_pressure": 1.8331928140595696e-14,
    "lidar_temp_c": 5.692897362062368e-15,
    "compute_load_pct": 1.1809820393606536e-11
  },
  "drifted_feature_count": 4,
  "max_drift_score": 1.1809820393606536e-11
}