{
  "generated_at": "2026-07-23T00:05:15.068337+00:00",
  "html_report": "data_drift_20260723T000514Z.html",
  "window_size": 50,
  "feature_scores": {
    "speed_mph": 1.2907020026781262e-24,
    "brake_pressure": 1.641512405623937e-23,
    "lidar_temp_c": 7.604638639694081e-17,
    "compute_load_pct": 7.007002724420268e-19
  },
  "drifted_feature_count": 4,
  "max_drift_score": 7.604638639694081e-17
}