{
  "generated_at": "2026-07-23T00:07:26.062505+00:00",
  "html_report": "data_drift_20260723T000725Z.html",
  "window_size": 50,
  "feature_scores": {
    "speed_mph": 1.0699689423937606e-17,
    "brake_pressure": 5.478728757098768e-18,
    "lidar_temp_c": 1.0070868396104524e-13,
    "compute_load_pct": 1.0699689423937606e-17
  },
  "drifted_feature_count": 4,
  "max_drift_score": 1.0070868396104524e-13
}