{
  "generated_at": "2026-07-23T00:03:29.016392+00:00",
  "html_report": "data_drift_20260723T000328Z.html",
  "window_size": 50,
  "feature_scores": {
    "speed_mph": 3.976456018982548e-07,
    "brake_pressure": 8.661678516243333e-08,
    "lidar_temp_c": 0.0003317477453933964,
    "compute_load_pct": 6.60226172163507e-06
  },
  "drifted_feature_count": 4,
  "max_drift_score": 0.0003317477453933964
}