{
  "generated_at": "2026-07-23T00:04:09.087711+00:00",
  "html_report": "data_drift_20260723T000408Z.html",
  "window_size": 50,
  "feature_scores": {
    "speed_mph": 0.0015601479814507737,
    "brake_pressure": 0.00318729152136304,
    "lidar_temp_c": 0.0025229270559786335,
    "compute_load_pct": 0.009610378185668973
  },
  "drifted_feature_count": 4,
  "max_drift_score": 0.009610378185668973
}