{
  "generated_at": "2026-07-23T00:09:29.090163+00:00",
  "html_report": "data_drift_20260723T000928Z.html",
  "window_size": 50,
  "feature_scores": {
    "speed_mph": 1.0699689423937606e-17,
    "brake_pressure": 7.604638639694081e-17,
    "lidar_temp_c": 9.351430761923555e-16,
    "compute_load_pct": 3.256281496101024e-14
  },
  "drifted_feature_count": 4,
  "max_drift_score": 3.256281496101024e-14
}