{
  "generated_at": "2026-07-23T00:12:08.140549+00:00",
  "html_report": "data_drift_20260723T001156Z.html",
  "window_size": 50,
  "feature_scores": {
    "speed_mph": 1.5125423168580682e-12,
    "brake_pressure": 4.2783105102506104e-12,
    "lidar_temp_c": 8.52135389578318e-10,
    "compute_load_pct": 7.543605020950727e-09
  },
  "drifted_feature_count": 4,
  "max_drift_score": 7.543605020950727e-09
}