{
  "generated_at": "2026-07-23T00:17:48.029204+00:00",
  "html_report": "data_drift_20260723T001747Z.html",
  "window_size": 50,
  "feature_scores": {
    "speed_mph": 2.6171156558240124e-08,
    "brake_pressure": 3.920451560972566e-08,
    "lidar_temp_c": 8.266907718865675e-07,
    "compute_load_pct": 2.3961748961816766e-05
  },
  "drifted_feature_count": 4,
  "max_drift_score": 2.3961748961816766e-05
}