{
  "generated_at": "2026-07-23T00:06:33.083386+00:00",
  "html_report": "data_drift_20260723T000632Z.html",
  "window_size": 50,
  "feature_scores": {
    "speed_mph": 7.129672607494152e-12,
    "brake_pressure": 2.551683135564056e-12,
    "lidar_temp_c": 3.427199087935361e-10,
    "compute_load_pct": 1.1809820393606536e-11
  },
  "drifted_feature_count": 4,
  "max_drift_score": 3.427199087935361e-10
}