{
  "generated_at": "2026-07-23T00:07:28.067921+00:00",
  "html_report": "data_drift_20260723T000727Z.html",
  "window_size": 50,
  "feature_scores": {
    "speed_mph": 3.4722508658109455e-19,
    "brake_pressure": 5.478728757098768e-18,
    "lidar_temp_c": 5.692897362062368e-15,
    "compute_load_pct": 9.351430761923555e-16
  },
  "drifted_feature_count": 4,
  "max_drift_score": 5.692897362062368e-15
}