{
  "generated_at": "2026-07-23T00:11:54.016768+00:00",
  "html_report": "data_drift_20260723T001153Z.html",
  "window_size": 50,
  "feature_scores": {
    "speed_mph": 1.4399548700374335e-16,
    "brake_pressure": 9.351430761923555e-16,
    "lidar_temp_c": 5.049017602959833e-16,
    "compute_load_pct": 8.91022313827994e-13
  },
  "drifted_feature_count": 4,
  "max_drift_score": 8.91022313827994e-13
}