{
  "generated_at": "2026-07-23T00:03:20.031874+00:00",
  "html_report": "data_drift_20260723T000319Z.html",
  "window_size": 50,
  "feature_scores": {
    "speed_mph": 1.1831420237665045e-06,
    "brake_pressure": 1.2697608205529389e-05,
    "lidar_temp_c": 0.0007339943100641359,
    "compute_load_pct": 0.0001439802082505201
  },
  "drifted_feature_count": 4,
  "max_drift_score": 0.0007339943100641359
}