{
  "generated_at": "2026-07-23T00:18:56.082480+00:00",
  "html_report": "data_drift_20260723T001855Z.html",
  "window_size": 50,
  "feature_scores": {
    "speed_mph": 3.976456018982548e-07,
    "brake_pressure": 1.1831420237665045e-06,
    "lidar_temp_c": 2.387957661696139e-06,
    "compute_load_pct": 9.177863655050725e-06
  },
  "drifted_feature_count": 4,
  "max_drift_score": 9.177863655050725e-06
}