{
  "generated_at": "2026-07-23T00:04:45.019619+00:00",
  "html_report": "data_drift_20260723T000444Z.html",
  "window_size": 50,
  "feature_scores": {
    "speed_mph": 1.6849772964595359e-06,
    "brake_pressure": 2.387957661696139e-06,
    "lidar_temp_c": 5.997262604711804e-05,
    "compute_load_pct": 9.177863655050725e-06
  },
  "drifted_feature_count": 4,
  "max_drift_score": 5.997262604711804e-05
}