{
  "generated_at": "2026-07-23T00:10:02.002511+00:00",
  "html_report": "data_drift_20260723T001001Z.html",
  "window_size": 50,
  "feature_scores": {
    "speed_mph": 1.5125423168580682e-12,
    "brake_pressure": 3.182844566615983e-11,
    "lidar_temp_c": 5.179168251277617e-11,
    "compute_load_pct": 2.072234044508264e-09
  },
  "drifted_feature_count": 4,
  "max_drift_score": 2.072234044508264e-09
}