{
  "generated_at": "2026-07-23T00:08:41.073014+00:00",
  "html_report": "data_drift_20260723T000840Z.html",
  "window_size": 50,
  "feature_scores": {
    "speed_mph": 1.1809820393606536e-11,
    "brake_pressure": 1.3476500236572368e-10,
    "lidar_temp_c": 1.9445425227899833e-11,
    "compute_load_pct": 5.179168251277617e-11
  },
  "drifted_feature_count": 4,
  "max_drift_score": 1.3476500236572368e-10
}