{
  "generated_at": "2026-07-23T00:03:09.083885+00:00",
  "html_report": "data_drift_20260723T000308Z.html",
  "window_size": 50,
  "feature_scores": {
    "speed_mph": 5.842394211803587e-08,
    "brake_pressure": 5.74778329932506e-07,
    "lidar_temp_c": 0.0003317477453933964,
    "compute_load_pct": 0.00025231408365600455
  },
  "drifted_feature_count": 4,
  "max_drift_score": 0.0003317477453933964
}