{
  "generated_at": "2026-07-23T00:07:37.020930+00:00",
  "html_report": "data_drift_20260723T000736Z.html",
  "window_size": 50,
  "feature_scores": {
    "speed_mph": 2.6171156558240124e-08,
    "brake_pressure": 1.8747848610628524e-07,
    "lidar_temp_c": 2.387957661696139e-06,
    "compute_load_pct": 1.6849772964595359e-06
  },
  "drifted_feature_count": 4,
  "max_drift_score": 2.387957661696139e-06
}