{
  "generated_at": "2026-07-23T00:03:56.159658+00:00",
  "html_report": "data_drift_20260723T000355Z.html",
  "window_size": 50,
  "feature_scores": {
    "speed_mph": 0.006260969923189267,
    "brake_pressure": 0.009610378185668973,
    "lidar_temp_c": 0.037644614997159605,
    "compute_load_pct": 0.007773653084378677
  },
  "drifted_feature_count": 4,
  "max_drift_score": 0.037644614997159605
}