{
  "generated_at": "2026-07-23T00:02:59.022215+00:00",
  "html_report": "data_drift_20260723T000258Z.html",
  "window_size": 50,
  "feature_scores": {
    "speed_mph": 0.3504667847923358,
    "brake_pressure": 0.43807915835875966,
    "lidar_temp_c": 0.242176174039545,
    "compute_load_pct": 0.5364540911220734
  },
  "drifted_feature_count": 4,
  "max_drift_score": 0.5364540911220734
}