{
  "generated_at": "2026-07-23T00:08:42.031845+00:00",
  "html_report": "data_drift_20260723T000841Z.html",
  "window_size": 50,
  "feature_scores": {
    "speed_mph": 8.378637194444722e-11,
    "brake_pressure": 3.427199087935361e-10,
    "lidar_temp_c": 5.179168251277617e-11,
    "compute_load_pct": 3.427199087935361e-10
  },
  "drifted_feature_count": 4,
  "max_drift_score": 3.427199087935361e-10
}