{
  "generated_at": "2026-07-23T00:08:27.044230+00:00",
  "html_report": "data_drift_20260723T000826Z.html",
  "window_size": 50,
  "feature_scores": {
    "speed_mph": 7.007002724420268e-19,
    "brake_pressure": 1.4022117982198499e-18,
    "lidar_temp_c": 3.034193927177243e-13,
    "compute_load_pct": 2.706309772372463e-16
  },
  "drifted_feature_count": 4,
  "max_drift_score": 3.034193927177243e-13
}