{
  "generated_at": "2026-07-23T00:09:37.079370+00:00",
  "html_report": "data_drift_20260723T000936Z.html",
  "window_size": 50,
  "feature_scores": {
    "speed_mph": 2.551683135564056e-12,
    "brake_pressure": 7.129672607494152e-12,
    "lidar_temp_c": 2.551683135564056e-12,
    "compute_load_pct": 8.52135389578318e-10
  },
  "drifted_feature_count": 4,
  "max_drift_score": 8.52135389578318e-10
}