{
  "generated_at": "2026-07-23T00:08:33.020148+00:00",
  "html_report": "data_drift_20260723T000832Z.html",
  "window_size": 50,
  "feature_scores": {
    "speed_mph": 5.692897362062368e-15,
    "brake_pressure": 1.0250772442945007e-14,
    "lidar_temp_c": 1.9445425227899833e-11,
    "compute_load_pct": 3.427199087935361e-10
  },
  "drifted_feature_count": 4,
  "max_drift_score": 3.427199087935361e-10
}