{
  "generated_at": "2026-07-23T00:08:29.035145+00:00",
  "html_report": "data_drift_20260723T000828Z.html",
  "window_size": 50,
  "feature_scores": {
    "speed_mph": 7.007002724420268e-19,
    "brake_pressure": 2.0731748165574056e-17,
    "lidar_temp_c": 1.7537231580038654e-13,
    "compute_load_pct": 3.256281496101024e-14
  },
  "drifted_feature_count": 4,
  "max_drift_score": 1.7537231580038654e-13
}