{
  "generated_at": "2026-07-23T00:04:35.002215+00:00",
  "html_report": "data_drift_20260723T000434Z.html",
  "window_size": 50,
  "feature_scores": {
    "speed_mph": 5.74778329932506e-07,
    "brake_pressure": 5.74778329932506e-07,
    "lidar_temp_c": 3.920451560972566e-08,
    "compute_load_pct": 1.7484135125363746e-05
  },
  "drifted_feature_count": 4,
  "max_drift_score": 1.7484135125363746e-05
}