{
  "generated_at": "2026-07-23T00:06:53.021345+00:00",
  "html_report": "data_drift_20260723T000652Z.html",
  "window_size": 50,
  "feature_scores": {
    "speed_mph": 8.378637194444722e-11,
    "brake_pressure": 2.072234044508264e-09,
    "lidar_temp_c": 1.1480481751200985e-08,
    "compute_load_pct": 3.427199087935361e-10
  },
  "drifted_feature_count": 4,
  "max_drift_score": 1.1480481751200985e-08
}