{
  "generated_at": "2026-07-23T00:09:17.007663+00:00",
  "html_report": "data_drift_20260723T000916Z.html",
  "window_size": 50,
  "feature_scores": {
    "speed_mph": 1.0250772442945007e-14,
    "brake_pressure": 3.256281496101024e-14,
    "lidar_temp_c": 8.91022313827994e-13,
    "compute_load_pct": 9.351430761923555e-16
  },
  "drifted_feature_count": 4,
  "max_drift_score": 8.91022313827994e-13
}