{
  "generated_at": "2026-07-23T00:11:51.089030+00:00",
  "html_report": "data_drift_20260723T001150Z.html",
  "window_size": 50,
  "feature_scores": {
    "speed_mph": 1.0699689423937606e-17,
    "brake_pressure": 1.0699689423937606e-17,
    "lidar_temp_c": 5.049017602959833e-16,
    "compute_load_pct": 1.0070868396104524e-13
  },
  "drifted_feature_count": 4,
  "max_drift_score": 1.0070868396104524e-13
}