{
  "generated_at": "2026-07-23T00:05:37.005281+00:00",
  "html_report": "data_drift_20260723T000536Z.html",
  "window_size": 50,
  "feature_scores": {
    "speed_mph": 1.8927876706791422e-22,
    "brake_pressure": 4.1885324789943847e-22,
    "lidar_temp_c": 1.9200984297364184e-20,
    "compute_load_pct": 1.0699689423937606e-17
  },
  "drifted_feature_count": 4,
  "max_drift_score": 1.0699689423937606e-17
}