{
  "generated_at": "2026-07-23T00:04:46.077272+00:00",
  "html_report": "data_drift_20260723T000445Z.html",
  "window_size": 50,
  "feature_scores": {
    "speed_mph": 5.419238756078555e-10,
    "brake_pressure": 8.52135389578318e-10,
    "lidar_temp_c": 2.737269745456871e-07,
    "compute_load_pct": 2.6171156558240124e-08
  },
  "drifted_feature_count": 4,
  "max_drift_score": 2.737269745456871e-07
}