{
  "generated_at": "2026-07-23T00:05:36.000438+00:00",
  "html_report": "data_drift_20260723T000535Z.html",
  "window_size": 50,
  "feature_scores": {
    "speed_mph": 1.8927876706791422e-22,
    "brake_pressure": 4.1885324789943847e-22,
    "lidar_temp_c": 9.176491883392612e-22,
    "compute_load_pct": 7.007002724420268e-19
  },
  "drifted_feature_count": 4,
  "max_drift_score": 7.007002724420268e-19
}