{
  "generated_at": "2026-07-23T00:18:50.087570+00:00",
  "html_report": "data_drift_20260723T001849Z.html",
  "window_size": 50,
  "feature_scores": {
    "speed_mph": 5.179168251277617e-11,
    "brake_pressure": 2.1552232953672983e-10,
    "lidar_temp_c": 2.1552232953672983e-10,
    "compute_load_pct": 5.842394211803587e-08
  },
  "drifted_feature_count": 4,
  "max_drift_score": 5.842394211803587e-08
}