{
  "generated_at": "2026-07-23T00:09:20.085902+00:00",
  "html_report": "data_drift_20260723T000919Z.html",
  "window_size": 50,
  "feature_scores": {
    "speed_mph": 7.129672607494152e-12,
    "brake_pressure": 4.2783105102506104e-12,
    "lidar_temp_c": 8.378637194444722e-11,
    "compute_load_pct": 5.179168251277617e-11
  },
  "drifted_feature_count": 4,
  "max_drift_score": 8.378637194444722e-11
}