{
  "generated_at": "2026-07-23T00:11:13.015127+00:00",
  "html_report": "data_drift_20260723T001112Z.html",
  "window_size": 50,
  "feature_scores": {
    "speed_mph": 3.256281496101024e-14,
    "brake_pressure": 3.182844566615983e-11,
    "lidar_temp_c": 8.52135389578318e-10,
    "compute_load_pct": 2.737269745456871e-07
  },
  "drifted_feature_count": 4,
  "max_drift_score": 2.737269745456871e-07
}