{
  "generated_at": "2026-07-23T00:09:59.044875+00:00",
  "html_report": "data_drift_20260723T000958Z.html",
  "window_size": 50,
  "feature_scores": {
    "speed_mph": 5.419238756078555e-10,
    "brake_pressure": 7.543605020950727e-09,
    "lidar_temp_c": 2.072234044508264e-09,
    "compute_load_pct": 2.6171156558240124e-08
  },
  "drifted_feature_count": 4,
  "max_drift_score": 2.6171156558240124e-08
}