{
  "generated_at": "2026-07-23T00:07:24.085775+00:00",
  "html_report": "data_drift_20260723T000723Z.html",
  "window_size": 50,
  "feature_scores": {
    "speed_mph": 1.0699689423937606e-17,
    "brake_pressure": 1.4022117982198499e-18,
    "lidar_temp_c": 1.0250772442945007e-14,
    "compute_load_pct": 1.7196131675749554e-15
  },
  "drifted_feature_count": 4,
  "max_drift_score": 1.0250772442945007e-14
}