{
  "generated_at": "2026-07-23T00:04:56.117542+00:00",
  "html_report": "data_drift_20260723T000455Z.html",
  "window_size": 50,
  "feature_scores": {
    "speed_mph": 5.775580386414499e-27,
    "brake_pressure": 3.0470033433074965e-24,
    "lidar_temp_c": 1.990815183917944e-21,
    "compute_load_pct": 8.3102294558521e-20
  },
  "drifted_feature_count": 4,
  "max_drift_score": 8.3102294558521e-20
}