{
  "generated_at": "2026-07-23T00:08:18.052257+00:00",
  "html_report": "data_drift_20260723T000817Z.html",
  "window_size": 50,
  "feature_scores": {
    "speed_mph": 3.1398105328036254e-15,
    "brake_pressure": 1.0070868396104524e-13,
    "lidar_temp_c": 7.129672607494152e-12,
    "compute_load_pct": 1.9445425227899833e-11
  },
  "drifted_feature_count": 4,
  "max_drift_score": 1.9445425227899833e-11
}