{
  "generated_at": "2026-07-23T00:06:30.014045+00:00",
  "html_report": "data_drift_20260723T000629Z.html",
  "window_size": 50,
  "feature_scores": {
    "speed_mph": 3.034193927177243e-13,
    "brake_pressure": 5.216065643350572e-13,
    "lidar_temp_c": 7.129672607494152e-12,
    "compute_load_pct": 1.1809820393606536e-11
  },
  "drifted_feature_count": 4,
  "max_drift_score": 1.1809820393606536e-11
}