{
  "generated_at": "2026-07-23T00:07:19.041243+00:00",
  "html_report": "data_drift_20260723T000718Z.html",
  "window_size": 50,
  "feature_scores": {
    "speed_mph": 1.3476500236572368e-10,
    "brake_pressure": 8.52135389578318e-10,
    "lidar_temp_c": 7.543605020950727e-09,
    "compute_load_pct": 4.72677170410894e-06
  },
  "drifted_feature_count": 4,
  "max_drift_score": 4.72677170410894e-06
}