{
  "generated_at": "2026-07-23T00:02:53.062574+00:00",
  "html_report": "data_drift_20260723T000252Z.html",
  "window_size": 50,
  "feature_scores": {
    "speed_mph": 0.6953180375733088,
    "brake_pressure": 0.5364540911220734,
    "lidar_temp_c": 0.8448008938170072,
    "compute_load_pct": 0.7981008526455481
  },
  "drifted_feature_count": 4,
  "max_drift_score": 0.8448008938170072
}