{
  "generated_at": "2026-07-23T00:05:34.018669+00:00",
  "html_report": "data_drift_20260723T000533Z.html",
  "window_size": 50,
  "feature_scores": {
    "speed_mph": 1.9200984297364184e-20,
    "brake_pressure": 4.277654093685074e-21,
    "lidar_temp_c": 5.049017602959833e-16,
    "compute_load_pct": 1.0699689423937606e-17
  },
  "drifted_feature_count": 4,
  "max_drift_score": 5.049017602959833e-16
}