{
  "generated_at": "2026-07-23T00:07:25.040973+00:00",
  "html_report": "data_drift_20260723T000724Z.html",
  "window_size": 50,
  "feature_scores": {
    "speed_mph": 1.0699689423937606e-17,
    "brake_pressure": 2.0731748165574056e-17,
    "lidar_temp_c": 1.0070868396104524e-13,
    "compute_load_pct": 1.7196131675749554e-15
  },
  "drifted_feature_count": 4,
  "max_drift_score": 1.0070868396104524e-13
}