{
  "generated_at": "2026-07-23T00:03:38.001674+00:00",
  "html_report": "data_drift_20260723T000337Z.html",
  "window_size": 50,
  "feature_scores": {
    "speed_mph": 8.067398768006476e-05,
    "brake_pressure": 4.4377550289590614e-05,
    "lidar_temp_c": 0.00010802239537469813,
    "compute_load_pct": 0.0007339943100641359
  },
  "drifted_feature_count": 4,
  "max_drift_score": 0.0007339943100641359
}