{
  "generated_at": "2026-07-23T00:17:42.080705+00:00",
  "html_report": "data_drift_20260723T001741Z.html",
  "window_size": 50,
  "feature_scores": {
    "speed_mph": 3.034193927177243e-13,
    "brake_pressure": 1.9445425227899833e-11,
    "lidar_temp_c": 1.3325062990964316e-09,
    "compute_load_pct": 1.3325062990964316e-09
  },
  "drifted_feature_count": 4,
  "max_drift_score": 1.3325062990964316e-09
}