{
  "generated_at": "2026-07-23T00:03:38.995143+00:00",
  "html_report": "data_drift_20260723T000338Z.html",
  "window_size": 50,
  "feature_scores": {
    "speed_mph": 2.3961748961816766e-05,
    "brake_pressure": 4.4377550289590614e-05,
    "lidar_temp_c": 4.4377550289590614e-05,
    "compute_load_pct": 0.00025231408365600455
  },
  "drifted_feature_count": 4,
  "max_drift_score": 0.00025231408365600455
}