{
  "generated_at": "2026-07-23T00:10:23.063802+00:00",
  "html_report": "data_drift_20260723T001022Z.html",
  "window_size": 50,
  "feature_scores": {
    "speed_mph": 3.747899835120899e-23,
    "brake_pressure": 1.7060493351707834e-19,
    "lidar_temp_c": 5.478728757098768e-18,
    "compute_load_pct": 3.4722508658109455e-19
  },
  "drifted_feature_count": 4,
  "max_drift_score": 5.478728757098768e-18
}