{
  "generated_at": "2026-07-23T00:03:58.113003+00:00",
  "html_report": "data_drift_20260723T000357Z.html",
  "window_size": 50,
  "feature_scores": {
    "speed_mph": 0.026030974091796902,
    "brake_pressure": 0.02150961809529076,
    "lidar_temp_c": 0.01769840284749027,
    "compute_load_pct": 0.044984913992041575
  },
  "drifted_feature_count": 4,
  "max_drift_score": 0.044984913992041575
}