{
  "generated_at": "2026-07-23T00:04:47.043476+00:00",
  "html_report": "data_drift_20260723T000446Z.html",
  "window_size": 50,
  "feature_scores": {
    "speed_mph": 1.8331928140595696e-14,
    "brake_pressure": 3.256281496101024e-14,
    "lidar_temp_c": 7.129672607494152e-12,
    "compute_load_pct": 2.551683135564056e-12
  },
  "drifted_feature_count": 4,
  "max_drift_score": 7.129672607494152e-12
}