{
  "generated_at": "2026-07-23T00:07:07.112831+00:00",
  "html_report": "data_drift_20260723T000706Z.html",
  "window_size": 50,
  "feature_scores": {
    "speed_mph": 1.0250772442945007e-14,
    "brake_pressure": 1.0070868396104524e-13,
    "lidar_temp_c": 3.034193927177243e-13,
    "compute_load_pct": 8.378637194444722e-11
  },
  "drifted_feature_count": 4,
  "max_drift_score": 8.378637194444722e-11
}