{
  "generated_at": "2026-07-23T00:04:43.062852+00:00",
  "html_report": "data_drift_20260723T000442Z.html",
  "window_size": 50,
  "feature_scores": {
    "speed_mph": 6.60226172163507e-06,
    "brake_pressure": 4.72677170410894e-06,
    "lidar_temp_c": 1.7484135125363746e-05,
    "compute_load_pct": 4.72677170410894e-06
  },
  "drifted_feature_count": 4,
  "max_drift_score": 1.7484135125363746e-05
}