{
  "generated_at": "2026-07-23T00:02:48.016504+00:00",
  "html_report": "data_drift_20260723T000247Z.html",
  "window_size": 50,
  "feature_scores": {
    "speed_mph": 0.160916679697164,
    "brake_pressure": 0.160916679697164,
    "lidar_temp_c": 0.07485828029796848,
    "compute_load_pct": 0.747814094295913
  },
  "drifted_feature_count": 4,
  "max_drift_score": 0.747814094295913
}