{
  "generated_at": "2026-07-23T00:04:33.101112+00:00",
  "html_report": "data_drift_20260723T000432Z.html",
  "window_size": 50,
  "feature_scores": {
    "speed_mph": 0.0003317477453933964,
    "brake_pressure": 0.0003317477453933964,
    "lidar_temp_c": 3.2685488897080415e-05,
    "compute_load_pct": 0.0004342269385476108
  },
  "drifted_feature_count": 4,
  "max_drift_score": 0.0004342269385476108
}