{
  "generated_at": "2026-07-23T00:09:53.027626+00:00",
  "html_report": "data_drift_20260723T000952Z.html",
  "window_size": 50,
  "feature_scores": {
    "speed_mph": 5.478728757098768e-18,
    "brake_pressure": 2.0731748165574056e-17,
    "lidar_temp_c": 2.0731748165574056e-17,
    "compute_load_pct": 1.7196131675749554e-15
  },
  "drifted_feature_count": 4,
  "max_drift_score": 1.7196131675749554e-15
}