{
  "generated_at": "2026-07-23T00:03:41.005402+00:00",
  "html_report": "data_drift_20260723T000340Z.html",
  "window_size": 50,
  "feature_scores": {
    "speed_mph": 3.976456018982548e-07,
    "brake_pressure": 3.3678002460436764e-06,
    "lidar_temp_c": 1.8747848610628524e-07,
    "compute_load_pct": 9.177863655050725e-06
  },
  "drifted_feature_count": 4,
  "max_drift_score": 9.177863655050725e-06
}