{
  "generated_at": "2026-07-23T00:11:21.099658+00:00",
  "html_report": "data_drift_20260723T001120Z.html",
  "window_size": 50,
  "feature_scores": {
    "speed_mph": 9.351430761923555e-16,
    "brake_pressure": 1.0070868396104524e-13,
    "lidar_temp_c": 8.52135389578318e-10,
    "compute_load_pct": 5.419238756078555e-10
  },
  "drifted_feature_count": 4,
  "max_drift_score": 8.52135389578318e-10
}