{
  "generated_at": "2026-07-23T00:05:09.043340+00:00",
  "html_report": "data_drift_20260723T000508Z.html",
  "window_size": 50,
  "feature_scores": {
    "speed_mph": 1.4690595495101863e-26,
    "brake_pressure": 1.2907020026781262e-24,
    "lidar_temp_c": 4.277654093685074e-21,
    "compute_load_pct": 4.277654093685074e-21
  },
  "drifted_feature_count": 4,
  "max_drift_score": 4.277654093685074e-21
}