{
  "generated_at": "2026-07-23T00:03:54.108441+00:00",
  "html_report": "data_drift_20260723T000353Z.html",
  "window_size": 50,
  "feature_scores": {
    "speed_mph": 1.7484135125363746e-05,
    "brake_pressure": 4.4377550289590614e-05,
    "lidar_temp_c": 0.0007339943100641359,
    "compute_load_pct": 4.4377550289590614e-05
  },
  "drifted_feature_count": 4,
  "max_drift_score": 0.0007339943100641359
}