{
  "generated_at": "2026-07-23T00:11:26.048896+00:00",
  "html_report": "data_drift_20260723T001125Z.html",
  "window_size": 50,
  "feature_scores": {
    "speed_mph": 1.4399548700374335e-16,
    "brake_pressure": 5.049017602959833e-16,
    "lidar_temp_c": 1.3476500236572368e-10,
    "compute_load_pct": 2.551683135564056e-12
  },
  "drifted_feature_count": 4,
  "max_drift_score": 1.3476500236572368e-10
}