{
  "generated_at": "2026-07-23T00:06:42.043173+00:00",
  "html_report": "data_drift_20260723T000641Z.html",
  "window_size": 50,
  "feature_scores": {
    "speed_mph": 5.842394211803587e-08,
    "brake_pressure": 2.6171156558240124e-08,
    "lidar_temp_c": 1.7484135125363746e-05,
    "compute_load_pct": 2.3961748961816766e-05
  },
  "drifted_feature_count": 4,
  "max_drift_score": 2.3961748961816766e-05
}