{
  "generated_at": "2026-07-23T00:05:27.058274+00:00",
  "html_report": "data_drift_20260723T000526Z.html",
  "window_size": 50,
  "feature_scores": {
    "speed_mph": 9.176491883392612e-22,
    "brake_pressure": 4.277654093685074e-21,
    "lidar_temp_c": 8.3102294558521e-20,
    "compute_load_pct": 5.478728757098768e-18
  },
  "drifted_feature_count": 4,
  "max_drift_score": 5.478728757098768e-18
}