{
  "generated_at": "2026-07-23T00:06:50.068624+00:00",
  "html_report": "data_drift_20260723T000649Z.html",
  "window_size": 50,
  "feature_scores": {
    "speed_mph": 7.543605020950727e-09,
    "brake_pressure": 5.842394211803587e-08,
    "lidar_temp_c": 1.8747848610628524e-07,
    "compute_load_pct": 4.930332895000974e-09
  },
  "drifted_feature_count": 4,
  "max_drift_score": 1.8747848610628524e-07
}