{
  "generated_at": "2026-07-23T00:17:55.029006+00:00",
  "html_report": "data_drift_20260723T001754Z.html",
  "window_size": 50,
  "feature_scores": {
    "speed_mph": 8.52135389578318e-10,
    "brake_pressure": 2.072234044508264e-09,
    "lidar_temp_c": 3.205053315887109e-09,
    "compute_load_pct": 3.976456018982548e-07
  },
  "drifted_feature_count": 4,
  "max_drift_score": 3.976456018982548e-07
}