{
  "generated_at": "2026-07-23T00:03:12.080258+00:00",
  "html_report": "data_drift_20260723T000311Z.html",
  "window_size": 50,
  "feature_scores": {
    "speed_mph": 1.2697608205529389e-05,
    "brake_pressure": 0.00010802239537469813,
    "lidar_temp_c": 0.006260969923189267,
    "compute_load_pct": 0.02150961809529076
  },
  "drifted_feature_count": 4,
  "max_drift_score": 0.02150961809529076
}