{
  "generated_at": "2026-07-23T00:07:33.016868+00:00",
  "html_report": "data_drift_20260723T000732Z.html",
  "window_size": 50,
  "feature_scores": {
    "speed_mph": 8.52135389578318e-10,
    "brake_pressure": 1.3325062990964316e-09,
    "lidar_temp_c": 4.930332895000974e-09,
    "compute_load_pct": 1.6849772964595359e-06
  },
  "drifted_feature_count": 4,
  "max_drift_score": 1.6849772964595359e-06
}