{
  "generated_at": "2026-07-23T00:08:55.000810+00:00",
  "html_report": "data_drift_20260723T000854Z.html",
  "window_size": 50,
  "feature_scores": {
    "speed_mph": 3.256281496101024e-14,
    "brake_pressure": 1.5125423168580682e-12,
    "lidar_temp_c": 1.9445425227899833e-11,
    "compute_load_pct": 5.216065643350572e-13
  },
  "drifted_feature_count": 4,
  "max_drift_score": 1.9445425227899833e-11
}