{
  "generated_at": "2026-07-23T00:12:38.365510+00:00",
  "html_report": "data_drift_20260723T001237Z.html",
  "window_size": 50,
  "feature_scores": {
    "speed_mph": 8.378637194444722e-11,
    "brake_pressure": 2.1552232953672983e-10,
    "lidar_temp_c": 1.3476500236572368e-10,
    "compute_load_pct": 1.3325062990964316e-09
  },
  "drifted_feature_count": 4,
  "max_drift_score": 1.3325062990964316e-09
}