{
  "generated_at": "2026-07-23T00:18:49.045067+00:00",
  "html_report": "data_drift_20260723T001848Z.html",
  "window_size": 50,
  "feature_scores": {
    "speed_mph": 2.706309772372463e-16,
    "brake_pressure": 7.604638639694081e-17,
    "lidar_temp_c": 5.692897362062368e-15,
    "compute_load_pct": 1.5125423168580682e-12
  },
  "drifted_feature_count": 4,
  "max_drift_score": 1.5125423168580682e-12
}