{
  "generated_at": "2026-07-23T00:18:34.145858+00:00",
  "html_report": "data_drift_20260723T001833Z.html",
  "window_size": 50,
  "feature_scores": {
    "speed_mph": 4.2783105102506104e-12,
    "brake_pressure": 8.378637194444722e-11,
    "lidar_temp_c": 1.3325062990964316e-09,
    "compute_load_pct": 1.7379453511042597e-08
  },
  "drifted_feature_count": 4,
  "max_drift_score": 1.7379453511042597e-08
}