{
  "generated_at": "2026-07-23T00:10:48.031008+00:00",
  "html_report": "data_drift_20260723T001047Z.html",
  "window_size": 50,
  "feature_scores": {
    "speed_mph": 1.8331928140595696e-14,
    "brake_pressure": 5.74554047091379e-14,
    "lidar_temp_c": 1.5125423168580682e-12,
    "compute_load_pct": 5.179168251277617e-11
  },
  "drifted_feature_count": 4,
  "max_drift_score": 5.179168251277617e-11
}