{
  "generated_at": "2026-07-23T00:11:20.081476+00:00",
  "html_report": "data_drift_20260723T001119Z.html",
  "window_size": 50,
  "feature_scores": {
    "speed_mph": 9.351430761923555e-16,
    "brake_pressure": 1.0070868396104524e-13,
    "lidar_temp_c": 1.9445425227899833e-11,
    "compute_load_pct": 8.378637194444722e-11
  },
  "drifted_feature_count": 4,
  "max_drift_score": 8.378637194444722e-11
}