{
  "generated_at": "2026-07-23T00:06:39.102106+00:00",
  "html_report": "data_drift_20260723T000638Z.html",
  "window_size": 50,
  "feature_scores": {
    "speed_mph": 8.378637194444722e-11,
    "brake_pressure": 7.543605020950727e-09,
    "lidar_temp_c": 1.1831420237665045e-06,
    "compute_load_pct": 1.2775685178883248e-07
  },
  "drifted_feature_count": 4,
  "max_drift_score": 1.1831420237665045e-06
}