{
  "generated_at": "2026-07-23T00:08:25.041396+00:00",
  "html_report": "data_drift_20260723T000824Z.html",
  "window_size": 50,
  "feature_scores": {
    "speed_mph": 5.478728757098768e-18,
    "brake_pressure": 2.706309772372463e-16,
    "lidar_temp_c": 5.74554047091379e-14,
    "compute_load_pct": 5.692897362062368e-15
  },
  "drifted_feature_count": 4,
  "max_drift_score": 5.74554047091379e-14
}