{
  "generated_at": "2026-07-23T00:09:05.023141+00:00",
  "html_report": "data_drift_20260723T000904Z.html",
  "window_size": 50,
  "feature_scores": {
    "speed_mph": 7.604638639694081e-17,
    "brake_pressure": 5.049017602959833e-16,
    "lidar_temp_c": 8.91022313827994e-13,
    "compute_load_pct": 1.0250772442945007e-14
  },
  "drifted_feature_count": 4,
  "max_drift_score": 8.91022313827994e-13
}