{
  "generated_at": "2026-07-23T00:07:03.061979+00:00",
  "html_report": "data_drift_20260723T000702Z.html",
  "window_size": 50,
  "feature_scores": {
    "speed_mph": 1.1809820393606536e-11,
    "brake_pressure": 3.182844566615983e-11,
    "lidar_temp_c": 2.551683135564056e-12,
    "compute_load_pct": 1.3476500236572368e-10
  },
  "drifted_feature_count": 4,
  "max_drift_score": 1.3476500236572368e-10
}