{
  "generated_at": "2026-07-23T00:13:05.159838+00:00",
  "html_report": "data_drift_20260723T001304Z.html",
  "window_size": 50,
  "feature_scores": {
    "speed_mph": 8.378637194444722e-11,
    "brake_pressure": 3.427199087935361e-10,
    "lidar_temp_c": 3.205053315887109e-09,
    "compute_load_pct": 2.072234044508264e-09
  },
  "drifted_feature_count": 4,
  "max_drift_score": 3.205053315887109e-09
}