{
  "generated_at": "2026-07-23T00:02:57.028887+00:00",
  "html_report": "data_drift_20260723T000256Z.html",
  "window_size": 50,
  "feature_scores": {
    "speed_mph": 0.7981008526455481,
    "brake_pressure": 0.747814094295913,
    "lidar_temp_c": 0.5364540911220734,
    "compute_load_pct": 0.5364540911220734
  },
  "drifted_feature_count": 4,
  "max_drift_score": 0.7981008526455481
}