{
  "generated_at": "2026-07-23T00:06:38.028223+00:00",
  "html_report": "data_drift_20260723T000637Z.html",
  "window_size": 50,
  "feature_scores": {
    "speed_mph": 3.205053315887109e-09,
    "brake_pressure": 8.661678516243333e-08,
    "lidar_temp_c": 4.72677170410894e-06,
    "compute_load_pct": 2.387957661696139e-06
  },
  "drifted_feature_count": 4,
  "max_drift_score": 4.72677170410894e-06
}