{
  "generated_at": "2026-07-23T00:10:55.113614+00:00",
  "html_report": "data_drift_20260723T001054Z.html",
  "window_size": 50,
  "feature_scores": {
    "speed_mph": 2.706309772372463e-16,
    "brake_pressure": 1.4399548700374335e-16,
    "lidar_temp_c": 3.256281496101024e-14,
    "compute_load_pct": 3.1398105328036254e-15
  },
  "drifted_feature_count": 4,
  "max_drift_score": 3.256281496101024e-14
}