{
  "generated_at": "2026-07-23T00:10:40.060854+00:00",
  "html_report": "data_drift_20260723T001039Z.html",
  "window_size": 50,
  "feature_scores": {
    "speed_mph": 1.3325062990964316e-09,
    "brake_pressure": 3.920451560972566e-08,
    "lidar_temp_c": 1.7379453511042597e-08,
    "compute_load_pct": 2.737269745456871e-07
  },
  "drifted_feature_count": 4,
  "max_drift_score": 2.737269745456871e-07
}