{
  "generated_at": "2026-07-23T00:02:56.096315+00:00",
  "html_report": "data_drift_20260723T000255Z.html",
  "window_size": 50,
  "feature_scores": {
    "speed_mph": 0.6418820388431872,
    "brake_pressure": 0.5886224300868936,
    "lidar_temp_c": 0.31124072536692116,
    "compute_load_pct": 0.27515307727794197
  },
  "drifted_feature_count": 4,
  "max_drift_score": 0.6418820388431872
}