{
  "generated_at": "2026-07-23T00:08:56.094928+00:00",
  "html_report": "data_drift_20260723T000855Z.html",
  "window_size": 50,
  "feature_scores": {
    "speed_mph": 3.1398105328036254e-15,
    "brake_pressure": 3.256281496101024e-14,
    "lidar_temp_c": 5.216065643350572e-13,
    "compute_load_pct": 5.74554047091379e-14
  },
  "drifted_feature_count": 4,
  "max_drift_score": 5.216065643350572e-13
}