{
  "generated_at": "2026-07-23T00:10:19.022213+00:00",
  "html_report": "data_drift_20260723T001018Z.html",
  "window_size": 50,
  "feature_scores": {
    "speed_mph": 9.351430761923555e-16,
    "brake_pressure": 1.7196131675749554e-15,
    "lidar_temp_c": 1.7196131675749554e-15,
    "compute_load_pct": 3.034193927177243e-13
  },
  "drifted_feature_count": 4,
  "max_drift_score": 3.034193927177243e-13
}