{
  "generated_at": "2026-07-23T00:05:00.098638+00:00",
  "html_report": "data_drift_20260723T000459Z.html",
  "window_size": 50,
  "feature_scores": {
    "speed_mph": 2.239884119475369e-27,
    "brake_pressure": 2.239884119475369e-27,
    "lidar_temp_c": 9.176491883392612e-22,
    "compute_load_pct": 4.1885324789943847e-22
  },
  "drifted_feature_count": 4,
  "max_drift_score": 9.176491883392612e-22
}