{
  "generated_at": "2026-07-23T00:04:54.019067+00:00",
  "html_report": "data_drift_20260723T000453Z.html",
  "window_size": 50,
  "feature_scores": {
    "speed_mph": 1.4690595495101863e-26,
    "brake_pressure": 3.0470033433074965e-24,
    "lidar_temp_c": 4.277654093685074e-21,
    "compute_load_pct": 1.4022117982198499e-18
  },
  "drifted_feature_count": 4,
  "max_drift_score": 1.4022117982198499e-18
}