{
  "generated_at": "2026-07-23T00:03:15.107683+00:00",
  "html_report": "data_drift_20260723T000314Z.html",
  "window_size": 50,
  "feature_scores": {
    "speed_mph": 0.0004342269385476108,
    "brake_pressure": 0.0012187943274704954,
    "lidar_temp_c": 0.01769840284749027,
    "compute_load_pct": 0.02150961809529076
  },
  "drifted_feature_count": 4,
  "max_drift_score": 0.02150961809529076
}