{
  "generated_at": "2026-07-23T00:18:19.079391+00:00",
  "html_report": "data_drift_20260723T001818Z.html",
  "window_size": 50,
  "feature_scores": {
    "speed_mph": 7.129672607494152e-12,
    "brake_pressure": 5.216065643350572e-13,
    "lidar_temp_c": 2.1552232953672983e-10,
    "compute_load_pct": 5.179168251277617e-11
  },
  "drifted_feature_count": 4,
  "max_drift_score": 2.1552232953672983e-10
}