{
  "generated_at": "2026-07-23T00:08:01.047054+00:00",
  "html_report": "data_drift_20260723T000800Z.html",
  "window_size": 50,
  "feature_scores": {
    "speed_mph": 5.179168251277617e-11,
    "brake_pressure": 8.378637194444722e-11,
    "lidar_temp_c": 1.9445425227899833e-11,
    "compute_load_pct": 5.842394211803587e-08
  },
  "drifted_feature_count": 4,
  "max_drift_score": 5.842394211803587e-08
}