{
  "generated_at": "2026-07-23T00:02:58.111663+00:00",
  "html_report": "data_drift_20260723T000257Z.html",
  "window_size": 50,
  "feature_scores": {
    "speed_mph": 0.43807915835875966,
    "brake_pressure": 0.7981008526455481,
    "lidar_temp_c": 0.3504667847923358,
    "compute_load_pct": 0.5886224300868936
  },
  "drifted_feature_count": 4,
  "max_drift_score": 0.7981008526455481
}