{
  "generated_at": "2026-07-23T00:04:29.994457+00:00",
  "html_report": "data_drift_20260723T000429Z.html",
  "window_size": 50,
  "feature_scores": {
    "speed_mph": 0.005020927476292052,
    "brake_pressure": 0.011830234490631576,
    "lidar_temp_c": 0.006260969923189267,
    "compute_load_pct": 0.037644614997159605
  },
  "drifted_feature_count": 4,
  "max_drift_score": 0.037644614997159605
}