{
  "generated_at": "2026-07-23T00:18:52.021358+00:00",
  "html_report": "data_drift_20260723T001851Z.html",
  "window_size": 50,
  "feature_scores": {
    "speed_mph": 4.930332895000974e-09,
    "brake_pressure": 1.7379453511042597e-08,
    "lidar_temp_c": 8.266907718865675e-07,
    "compute_load_pct": 2.737269745456871e-07
  },
  "drifted_feature_count": 4,
  "max_drift_score": 8.266907718865675e-07
}