{
  "generated_at": "2026-07-23T00:04:16.006841+00:00",
  "html_report": "data_drift_20260723T000415Z.html",
  "window_size": 50,
  "feature_scores": {
    "speed_mph": 0.00025231408365600455,
    "brake_pressure": 0.0003317477453933964,
    "lidar_temp_c": 0.0012187943274704954,
    "compute_load_pct": 0.0004342269385476108
  },
  "drifted_feature_count": 4,
  "max_drift_score": 0.0012187943274704954
}