{
  "generated_at": "2026-07-23T00:04:26.059174+00:00",
  "html_report": "data_drift_20260723T000425Z.html",
  "window_size": 50,
  "feature_scores": {
    "speed_mph": 2.387957661696139e-06,
    "brake_pressure": 1.6849772964595359e-06,
    "lidar_temp_c": 3.2685488897080415e-05,
    "compute_load_pct": 4.4377550289590614e-05
  },
  "drifted_feature_count": 4,
  "max_drift_score": 4.4377550289590614e-05
}