{
  "generated_at": "2026-07-23T00:09:40.153384+00:00",
  "html_report": "data_drift_20260723T000939Z.html",
  "window_size": 50,
  "feature_scores": {
    "speed_mph": 9.351430761923555e-16,
    "brake_pressure": 5.049017602959833e-16,
    "lidar_temp_c": 1.8331928140595696e-14,
    "compute_load_pct": 3.256281496101024e-14
  },
  "drifted_feature_count": 4,
  "max_drift_score": 3.256281496101024e-14
}