{
  "generated_at": "2026-07-23T00:08:01.995811+00:00",
  "html_report": "data_drift_20260723T000801Z.html",
  "window_size": 50,
  "feature_scores": {
    "speed_mph": 7.129672607494152e-12,
    "brake_pressure": 1.1809820393606536e-11,
    "lidar_temp_c": 2.551683135564056e-12,
    "compute_load_pct": 1.7379453511042597e-08
  },
  "drifted_feature_count": 4,
  "max_drift_score": 1.7379453511042597e-08
}