{
  "generated_at": "2026-07-23T00:10:52.015514+00:00",
  "html_report": "data_drift_20260723T001051Z.html",
  "window_size": 50,
  "feature_scores": {
    "speed_mph": 2.7829882737674886e-18,
    "brake_pressure": 3.9858663257973207e-17,
    "lidar_temp_c": 1.7196131675749554e-15,
    "compute_load_pct": 1.0250772442945007e-14
  },
  "drifted_feature_count": 4,
  "max_drift_score": 1.0250772442945007e-14
}