{
  "generated_at": "2026-07-23T00:08:47.016582+00:00",
  "html_report": "data_drift_20260723T000846Z.html",
  "window_size": 50,
  "feature_scores": {
    "speed_mph": 3.256281496101024e-14,
    "brake_pressure": 1.5125423168580682e-12,
    "lidar_temp_c": 5.216065643350572e-13,
    "compute_load_pct": 3.427199087935361e-10
  },
  "drifted_feature_count": 4,
  "max_drift_score": 3.427199087935361e-10
}