{
  "generated_at": "2026-07-23T00:08:32.029239+00:00",
  "html_report": "data_drift_20260723T000831Z.html",
  "window_size": 50,
  "feature_scores": {
    "speed_mph": 5.692897362062368e-15,
    "brake_pressure": 3.256281496101024e-14,
    "lidar_temp_c": 5.179168251277617e-11,
    "compute_load_pct": 3.427199087935361e-10
  },
  "drifted_feature_count": 4,
  "max_drift_score": 3.427199087935361e-10
}