{
  "generated_at": "2026-07-23T00:10:56.032545+00:00",
  "html_report": "data_drift_20260723T001055Z.html",
  "window_size": 50,
  "feature_scores": {
    "speed_mph": 2.0731748165574056e-17,
    "brake_pressure": 1.4399548700374335e-16,
    "lidar_temp_c": 1.0250772442945007e-14,
    "compute_load_pct": 3.1398105328036254e-15
  },
  "drifted_feature_count": 4,
  "max_drift_score": 1.0250772442945007e-14
}