{
  "generated_at": "2026-07-23T00:10:18.047500+00:00",
  "html_report": "data_drift_20260723T001017Z.html",
  "window_size": 50,
  "feature_scores": {
    "speed_mph": 9.351430761923555e-16,
    "brake_pressure": 1.7196131675749554e-15,
    "lidar_temp_c": 5.692897362062368e-15,
    "compute_load_pct": 1.7537231580038654e-13
  },
  "drifted_feature_count": 4,
  "max_drift_score": 1.7537231580038654e-13
}