{
  "generated_at": "2026-07-23T00:11:17.096465+00:00",
  "html_report": "data_drift_20260723T001116Z.html",
  "window_size": 50,
  "feature_scores": {
    "speed_mph": 3.034193927177243e-13,
    "brake_pressure": 1.5125423168580682e-12,
    "lidar_temp_c": 3.182844566615983e-11,
    "compute_load_pct": 5.419238756078555e-10
  },
  "drifted_feature_count": 4,
  "max_drift_score": 5.419238756078555e-10
}