{
  "generated_at": "2026-07-23T00:08:00.019993+00:00",
  "html_report": "data_drift_20260723T000759Z.html",
  "window_size": 50,
  "feature_scores": {
    "speed_mph": 1.1480481751200985e-08,
    "brake_pressure": 1.7379453511042597e-08,
    "lidar_temp_c": 8.52135389578318e-10,
    "compute_load_pct": 2.6171156558240124e-08
  },
  "drifted_feature_count": 4,
  "max_drift_score": 2.6171156558240124e-08
}