{
  "generated_at": "2026-07-23T00:10:36.043213+00:00",
  "html_report": "data_drift_20260723T001035Z.html",
  "window_size": 50,
  "feature_scores": {
    "speed_mph": 1.0250772442945007e-14,
    "brake_pressure": 5.216065643350572e-13,
    "lidar_temp_c": 4.2783105102506104e-12,
    "compute_load_pct": 1.5125423168580682e-12
  },
  "drifted_feature_count": 4,
  "max_drift_score": 4.2783105102506104e-12
}