{
  "generated_at": "2026-07-23T00:03:17.113367+00:00",
  "html_report": "data_drift_20260723T000316Z.html",
  "window_size": 50,
  "feature_scores": {
    "speed_mph": 5.997262604711804e-05,
    "brake_pressure": 0.0012187943274704954,
    "lidar_temp_c": 0.011830234490631576,
    "compute_load_pct": 0.005020927476292052
  },
  "drifted_feature_count": 4,
  "max_drift_score": 0.011830234490631576
}