{
  "generated_at": "2026-07-23T00:03:06.027534+00:00",
  "html_report": "data_drift_20260723T000305Z.html",
  "window_size": 50,
  "feature_scores": {
    "speed_mph": 2.387957661696139e-06,
    "brake_pressure": 4.72677170410894e-06,
    "lidar_temp_c": 0.0012187943274704954,
    "compute_load_pct": 0.005020927476292052
  },
  "drifted_feature_count": 4,
  "max_drift_score": 0.005020927476292052
}