{
  "generated_at": "2026-07-23T00:17:57.073570+00:00",
  "html_report": "data_drift_20260723T001756Z.html",
  "window_size": 50,
  "feature_scores": {
    "speed_mph": 5.419238756078555e-10,
    "brake_pressure": 2.072234044508264e-09,
    "lidar_temp_c": 1.3476500236572368e-10,
    "compute_load_pct": 5.74778329932506e-07
  },
  "drifted_feature_count": 4,
  "max_drift_score": 5.74778329932506e-07
}