{
  "generated_at": "2026-07-23T00:10:46.050688+00:00",
  "html_report": "data_drift_20260723T001045Z.html",
  "window_size": 50,
  "feature_scores": {
    "speed_mph": 1.8331928140595696e-14,
    "brake_pressure": 5.74554047091379e-14,
    "lidar_temp_c": 8.91022313827994e-13,
    "compute_load_pct": 7.129672607494152e-12
  },
  "drifted_feature_count": 4,
  "max_drift_score": 7.129672607494152e-12
}