{
  "generated_at": "2026-07-23T00:08:52.139347+00:00",
  "html_report": "data_drift_20260723T000851Z.html",
  "window_size": 50,
  "feature_scores": {
    "speed_mph": 3.1398105328036254e-15,
    "brake_pressure": 1.5125423168580682e-12,
    "lidar_temp_c": 3.256281496101024e-14,
    "compute_load_pct": 1.0070868396104524e-13
  },
  "drifted_feature_count": 4,
  "max_drift_score": 1.5125423168580682e-12
}