{
  "generated_at": "2026-07-23T00:07:40.992626+00:00",
  "html_report": "data_drift_20260723T000740Z.html",
  "window_size": 50,
  "feature_scores": {
    "speed_mph": 2.551683135564056e-12,
    "brake_pressure": 3.182844566615983e-11,
    "lidar_temp_c": 1.3476500236572368e-10,
    "compute_load_pct": 1.5125423168580682e-12
  },
  "drifted_feature_count": 4,
  "max_drift_score": 1.3476500236572368e-10
}