{
  "generated_at": "2026-07-23T00:18:16.072248+00:00",
  "html_report": "data_drift_20260723T001815Z.html",
  "window_size": 50,
  "feature_scores": {
    "speed_mph": 3.205053315887109e-09,
    "brake_pressure": 1.1480481751200985e-08,
    "lidar_temp_c": 7.543605020950727e-09,
    "compute_load_pct": 1.8747848610628524e-07
  },
  "drifted_feature_count": 4,
  "max_drift_score": 1.8747848610628524e-07
}