{
  "generated_at": "2026-07-23T00:10:43.092264+00:00",
  "html_report": "data_drift_20260723T001042Z.html",
  "window_size": 50,
  "feature_scores": {
    "speed_mph": 2.551683135564056e-12,
    "brake_pressure": 4.2783105102506104e-12,
    "lidar_temp_c": 7.129672607494152e-12,
    "compute_load_pct": 1.3476500236572368e-10
  },
  "drifted_feature_count": 4,
  "max_drift_score": 1.3476500236572368e-10
}