{
  "generated_at": "2026-07-23T00:08:36.095564+00:00",
  "html_report": "data_drift_20260723T000835Z.html",
  "window_size": 50,
  "feature_scores": {
    "speed_mph": 5.692897362062368e-15,
    "brake_pressure": 5.74554047091379e-14,
    "lidar_temp_c": 1.3476500236572368e-10,
    "compute_load_pct": 5.419238756078555e-10
  },
  "drifted_feature_count": 4,
  "max_drift_score": 5.419238756078555e-10
}