{
  "generated_at": "2026-07-23T00:11:17.986657+00:00",
  "html_report": "data_drift_20260723T001117Z.html",
  "window_size": 50,
  "feature_scores": {
    "speed_mph": 1.0070868396104524e-13,
    "brake_pressure": 7.129672607494152e-12,
    "lidar_temp_c": 1.9445425227899833e-11,
    "compute_load_pct": 3.205053315887109e-09
  },
  "drifted_feature_count": 4,
  "max_drift_score": 3.205053315887109e-09
}