{
  "generated_at": "2026-07-23T00:05:43.994695+00:00",
  "html_report": "data_drift_20260723T000543Z.html",
  "window_size": 50,
  "feature_scores": {
    "speed_mph": 1.0699689423937606e-17,
    "brake_pressure": 3.9858663257973207e-17,
    "lidar_temp_c": 2.551683135564056e-12,
    "compute_load_pct": 1.8331928140595696e-14
  },
  "drifted_feature_count": 4,
  "max_drift_score": 2.551683135564056e-12
}