{
  "generated_at": "2026-07-23T00:10:45.154394+00:00",
  "html_report": "data_drift_20260723T001044Z.html",
  "window_size": 50,
  "feature_scores": {
    "speed_mph": 1.1809820393606536e-11,
    "brake_pressure": 3.182844566615983e-11,
    "lidar_temp_c": 7.129672607494152e-12,
    "compute_load_pct": 2.072234044508264e-09
  },
  "drifted_feature_count": 4,
  "max_drift_score": 2.072234044508264e-09
}