{
  "generated_at": "2026-07-23T00:03:31.036451+00:00",
  "html_report": "data_drift_20260723T000330Z.html",
  "window_size": 50,
  "feature_scores": {
    "speed_mph": 2.072234044508264e-09,
    "brake_pressure": 5.419238756078555e-10,
    "lidar_temp_c": 1.2775685178883248e-07,
    "compute_load_pct": 1.7379453511042597e-08
  },
  "drifted_feature_count": 4,
  "max_drift_score": 1.2775685178883248e-07
}