{
  "generated_at": "2026-07-23T00:05:48.042694+00:00",
  "html_report": "data_drift_20260723T000547Z.html",
  "window_size": 50,
  "feature_scores": {
    "speed_mph": 4.0124739230285465e-20,
    "brake_pressure": 9.104967546289762e-21,
    "lidar_temp_c": 5.692897362062368e-15,
    "compute_load_pct": 2.7829882737674886e-18
  },
  "drifted_feature_count": 4,
  "max_drift_score": 5.692897362062368e-15
}