{
  "generated_at": "2026-07-23T00:03:21.029228+00:00",
  "html_report": "data_drift_20260723T000320Z.html",
  "window_size": 50,
  "feature_scores": {
    "speed_mph": 2.737269745456871e-07,
    "brake_pressure": 3.3678002460436764e-06,
    "lidar_temp_c": 8.067398768006476e-05,
    "compute_load_pct": 4.4377550289590614e-05
  },
  "drifted_feature_count": 4,
  "max_drift_score": 8.067398768006476e-05
}