{
  "generated_at": "2026-07-23T00:02:54.100704+00:00",
  "html_report": "data_drift_20260723T000253Z.html",
  "window_size": 50,
  "feature_scores": {
    "speed_mph": 0.7981008526455481,
    "brake_pressure": 0.8448008938170072,
    "lidar_temp_c": 0.747814094295913,
    "compute_load_pct": 0.7981008526455481
  },
  "drifted_feature_count": 4,
  "max_drift_score": 0.8448008938170072
}