{
  "generated_at": "2026-07-23T00:10:39.031432+00:00",
  "html_report": "data_drift_20260723T001038Z.html",
  "window_size": 50,
  "feature_scores": {
    "speed_mph": 8.91022313827994e-13,
    "brake_pressure": 1.1809820393606536e-11,
    "lidar_temp_c": 1.1809820393606536e-11,
    "compute_load_pct": 3.427199087935361e-10
  },
  "drifted_feature_count": 4,
  "max_drift_score": 3.427199087935361e-10
}