{
  "generated_at": "2026-07-23T00:03:53.039545+00:00",
  "html_report": "data_drift_20260723T000352Z.html",
  "window_size": 50,
  "feature_scores": {
    "speed_mph": 4.72677170410894e-06,
    "brake_pressure": 1.2697608205529389e-05,
    "lidar_temp_c": 0.00025231408365600455,
    "compute_load_pct": 4.4377550289590614e-05
  },
  "drifted_feature_count": 4,
  "max_drift_score": 0.00025231408365600455
}