{
  "generated_at": "2026-07-23T00:03:37.046111+00:00",
  "html_report": "data_drift_20260723T000336Z.html",
  "window_size": 50,
  "feature_scores": {
    "speed_mph": 0.00010802239537469813,
    "brake_pressure": 2.3961748961816766e-05,
    "lidar_temp_c": 0.0001439802082505201,
    "compute_load_pct": 0.0007339943100641359
  },
  "drifted_feature_count": 4,
  "max_drift_score": 0.0007339943100641359
}