{
  "generated_at": "2026-07-23T00:09:05.992363+00:00",
  "html_report": "data_drift_20260723T000905Z.html",
  "window_size": 50,
  "feature_scores": {
    "speed_mph": 2.706309772372463e-16,
    "brake_pressure": 1.4399548700374335e-16,
    "lidar_temp_c": 1.9445425227899833e-11,
    "compute_load_pct": 1.0250772442945007e-14
  },
  "drifted_feature_count": 4,
  "max_drift_score": 1.9445425227899833e-11
}