{
  "generated_at": "2026-07-23T00:08:23.110172+00:00",
  "html_report": "data_drift_20260723T000822Z.html",
  "window_size": 50,
  "feature_scores": {
    "speed_mph": 5.049017602959833e-16,
    "brake_pressure": 5.74554047091379e-14,
    "lidar_temp_c": 8.91022313827994e-13,
    "compute_load_pct": 4.2783105102506104e-12
  },
  "drifted_feature_count": 4,
  "max_drift_score": 4.2783105102506104e-12
}