{
  "generated_at": "2026-07-23T00:07:30.052629+00:00",
  "html_report": "data_drift_20260723T000729Z.html",
  "window_size": 50,
  "feature_scores": {
    "speed_mph": 5.478728757098768e-18,
    "brake_pressure": 5.049017602959833e-16,
    "lidar_temp_c": 3.256281496101024e-14,
    "compute_load_pct": 8.91022313827994e-13
  },
  "drifted_feature_count": 4,
  "max_drift_score": 8.91022313827994e-13
}