{
  "generated_at": "2026-07-23T00:18:46.002356+00:00",
  "html_report": "data_drift_20260723T001845Z.html",
  "window_size": 50,
  "feature_scores": {
    "speed_mph": 2.551683135564056e-12,
    "brake_pressure": 7.129672607494152e-12,
    "lidar_temp_c": 1.1809820393606536e-11,
    "compute_load_pct": 4.930332895000974e-09
  },
  "drifted_feature_count": 4,
  "max_drift_score": 4.930332895000974e-09
}