{
  "generated_at": "2026-07-23T00:05:12.106492+00:00",
  "html_report": "data_drift_20260723T000511Z.html",
  "window_size": 50,
  "feature_scores": {
    "speed_mph": 9.136899104220231e-26,
    "brake_pressure": 1.2907020026781262e-24,
    "lidar_temp_c": 3.9858663257973207e-17,
    "compute_load_pct": 1.0699689423937606e-17
  },
  "drifted_feature_count": 4,
  "max_drift_score": 3.9858663257973207e-17
}