{
  "generated_at": "2026-07-23T00:06:09.109124+00:00",
  "html_report": "data_drift_20260723T000608Z.html",
  "window_size": 50,
  "feature_scores": {
    "speed_mph": 5.179168251277617e-11,
    "brake_pressure": 1.3325062990964316e-09,
    "lidar_temp_c": 1.8747848610628524e-07,
    "compute_load_pct": 5.842394211803587e-08
  },
  "drifted_feature_count": 4,
  "max_drift_score": 1.8747848610628524e-07
}