{
  "generated_at": "2026-07-23T00:09:48.054493+00:00",
  "html_report": "data_drift_20260723T000947Z.html",
  "window_size": 50,
  "feature_scores": {
    "speed_mph": 2.0731748165574056e-17,
    "brake_pressure": 5.049017602959833e-16,
    "lidar_temp_c": 1.0699689423937606e-17,
    "compute_load_pct": 1.7537231580038654e-13
  },
  "drifted_feature_count": 4,
  "max_drift_score": 1.7537231580038654e-13
}