{
  "generated_at": "2026-07-23T00:04:59.031882+00:00",
  "html_report": "data_drift_20260723T000458Z.html",
  "window_size": 50,
  "feature_scores": {
    "speed_mph": 4.3832904773466855e-29,
    "brake_pressure": 1.1988000533289871e-28,
    "lidar_temp_c": 1.990815183917944e-21,
    "compute_load_pct": 4.1885324789943847e-22
  },
  "drifted_feature_count": 4,
  "max_drift_score": 1.990815183917944e-21
}