{
  "generated_at": "2026-07-23T00:09:03.072309+00:00",
  "html_report": "data_drift_20260723T000902Z.html",
  "window_size": 50,
  "feature_scores": {
    "speed_mph": 9.351430761923555e-16,
    "brake_pressure": 1.8331928140595696e-14,
    "lidar_temp_c": 7.129672607494152e-12,
    "compute_load_pct": 7.129672607494152e-12
  },
  "drifted_feature_count": 4,
  "max_drift_score": 7.129672607494152e-12
}