{
  "generated_at": "2026-07-23T00:03:03.014181+00:00",
  "html_report": "data_drift_20260723T000302Z.html",
  "window_size": 50,
  "feature_scores": {
    "speed_mph": 0.0003317477453933964,
    "brake_pressure": 0.0019883290717243904,
    "lidar_temp_c": 0.00318729152136304,
    "compute_load_pct": 0.05353139728165839
  },
  "drifted_feature_count": 4,
  "max_drift_score": 0.05353139728165839
}