{
  "generated_at": "2026-07-23T00:09:26.086912+00:00",
  "html_report": "data_drift_20260723T000925Z.html",
  "window_size": 50,
  "feature_scores": {
    "speed_mph": 1.5125423168580682e-12,
    "brake_pressure": 2.551683135564056e-12,
    "lidar_temp_c": 7.129672607494152e-12,
    "compute_load_pct": 7.129672607494152e-12
  },
  "drifted_feature_count": 4,
  "max_drift_score": 7.129672607494152e-12
}