{
  "generated_at": "2026-07-23T00:10:59.059496+00:00",
  "html_report": "data_drift_20260723T001058Z.html",
  "window_size": 50,
  "feature_scores": {
    "speed_mph": 2.706309772372463e-16,
    "brake_pressure": 9.351430761923555e-16,
    "lidar_temp_c": 5.216065643350572e-13,
    "compute_load_pct": 3.034193927177243e-13
  },
  "drifted_feature_count": 4,
  "max_drift_score": 5.216065643350572e-13
}