{
  "generated_at": "2026-07-23T00:18:45.091614+00:00",
  "html_report": "data_drift_20260723T001844Z.html",
  "window_size": 50,
  "feature_scores": {
    "speed_mph": 1.3476500236572368e-10,
    "brake_pressure": 3.427199087935361e-10,
    "lidar_temp_c": 5.419238756078555e-10,
    "compute_load_pct": 1.2775685178883248e-07
  },
  "drifted_feature_count": 4,
  "max_drift_score": 1.2775685178883248e-07
}