{
  "generated_at": "2026-07-23T00:07:55.051865+00:00",
  "html_report": "data_drift_20260723T000754Z.html",
  "window_size": 50,
  "feature_scores": {
    "speed_mph": 3.427199087935361e-10,
    "brake_pressure": 3.427199087935361e-10,
    "lidar_temp_c": 2.387957661696139e-06,
    "compute_load_pct": 1.8747848610628524e-07
  },
  "drifted_feature_count": 4,
  "max_drift_score": 2.387957661696139e-06
}