{
  "generated_at": "2026-07-23T00:10:05.032307+00:00",
  "html_report": "data_drift_20260723T001004Z.html",
  "window_size": 50,
  "feature_scores": {
    "speed_mph": 1.0699689423937606e-17,
    "brake_pressure": 3.9858663257973207e-17,
    "lidar_temp_c": 7.604638639694081e-17,
    "compute_load_pct": 3.1398105328036254e-15
  },
  "drifted_feature_count": 4,
  "max_drift_score": 3.1398105328036254e-15
}