{
  "generated_at": "2026-07-23T00:11:32.178831+00:00",
  "html_report": "data_drift_20260723T001131Z.html",
  "window_size": 50,
  "feature_scores": {
    "speed_mph": 3.034193927177243e-13,
    "brake_pressure": 2.551683135564056e-12,
    "lidar_temp_c": 3.034193927177243e-13,
    "compute_load_pct": 5.179168251277617e-11
  },
  "drifted_feature_count": 4,
  "max_drift_score": 5.179168251277617e-11
}