{
  "generated_at": "2026-07-23T00:04:58.004636+00:00",
  "html_report": "data_drift_20260723T000457Z.html",
  "window_size": 50,
  "feature_scores": {
    "speed_mph": 4.3832904773466855e-29,
    "brake_pressure": 1.1988000533289871e-28,
    "lidar_temp_c": 1.8927876706791422e-22,
    "compute_load_pct": 9.104967546289762e-21
  },
  "drifted_feature_count": 4,
  "max_drift_score": 9.104967546289762e-21
}