{
  "generated_at": "2026-07-23T00:03:42.099792+00:00",
  "html_report": "data_drift_20260723T000341Z.html",
  "window_size": 50,
  "feature_scores": {
    "speed_mph": 1.7379453511042597e-08,
    "brake_pressure": 1.8747848610628524e-07,
    "lidar_temp_c": 1.8747848610628524e-07,
    "compute_load_pct": 5.74778329932506e-07
  },
  "drifted_feature_count": 4,
  "max_drift_score": 5.74778329932506e-07
}