{
  "generated_at": "2026-07-23T00:13:21.070943+00:00",
  "html_report": "data_drift_20260723T001320Z.html",
  "window_size": 50,
  "feature_scores": {
    "speed_mph": 1.0250772442945007e-14,
    "brake_pressure": 1.7196131675749554e-15,
    "lidar_temp_c": 3.182844566615983e-11,
    "compute_load_pct": 3.256281496101024e-14
  },
  "drifted_feature_count": 4,
  "max_drift_score": 3.182844566615983e-11
}