{
  "generated_at": "2026-07-23T00:10:41.065129+00:00",
  "html_report": "data_drift_20260723T001040Z.html",
  "window_size": 50,
  "feature_scores": {
    "speed_mph": 4.2783105102506104e-12,
    "brake_pressure": 2.1552232953672983e-10,
    "lidar_temp_c": 5.179168251277617e-11,
    "compute_load_pct": 3.427199087935361e-10
  },
  "drifted_feature_count": 4,
  "max_drift_score": 3.427199087935361e-10
}