{
  "generated_at": "2026-07-23T00:18:10.035348+00:00",
  "html_report": "data_drift_20260723T001809Z.html",
  "window_size": 50,
  "feature_scores": {
    "speed_mph": 4.0124739230285465e-20,
    "brake_pressure": 4.0124739230285465e-20,
    "lidar_temp_c": 2.7829882737674886e-18,
    "compute_load_pct": 9.351430761923555e-16
  },
  "drifted_feature_count": 4,
  "max_drift_score": 9.351430761923555e-16
}