{
  "generated_at": "2026-07-23T00:05:42.066216+00:00",
  "html_report": "data_drift_20260723T000541Z.html",
  "window_size": 50,
  "feature_scores": {
    "speed_mph": 1.0699689423937606e-17,
    "brake_pressure": 3.9858663257973207e-17,
    "lidar_temp_c": 3.034193927177243e-13,
    "compute_load_pct": 1.7537231580038654e-13
  },
  "drifted_feature_count": 4,
  "max_drift_score": 3.034193927177243e-13
}