{
  "generated_at": "2026-07-23T00:05:52.095942+00:00",
  "html_report": "data_drift_20260723T000551Z.html",
  "window_size": 50,
  "feature_scores": {
    "speed_mph": 2.7829882737674886e-18,
    "brake_pressure": 1.9200984297364184e-20,
    "lidar_temp_c": 3.034193927177243e-13,
    "compute_load_pct": 2.706309772372463e-16
  },
  "drifted_feature_count": 4,
  "max_drift_score": 3.034193927177243e-13
}