{
  "generated_at": "2026-07-23T00:03:02.021911+00:00",
  "html_report": "data_drift_20260723T000301Z.html",
  "window_size": 50,
  "feature_scores": {
    "speed_mph": 0.014500714345439177,
    "brake_pressure": 0.05353139728165839,
    "lidar_temp_c": 0.01769840284749027,
    "compute_load_pct": 0.18519174823725346
  },
  "drifted_feature_count": 4,
  "max_drift_score": 0.18519174823725346
}