{
  "generated_at": "2026-07-23T00:05:56.066675+00:00",
  "html_report": "data_drift_20260723T000555Z.html",
  "window_size": 50,
  "feature_scores": {
    "speed_mph": 3.9858663257973207e-17,
    "brake_pressure": 8.3102294558521e-20,
    "lidar_temp_c": 8.52135389578318e-10,
    "compute_load_pct": 1.0250772442945007e-14
  },
  "drifted_feature_count": 4,
  "max_drift_score": 8.52135389578318e-10
}