{
  "generated_at": "2026-07-23T00:07:45.015088+00:00",
  "html_report": "data_drift_20260723T000744Z.html",
  "window_size": 50,
  "feature_scores": {
    "speed_mph": 1.3476500236572368e-10,
    "brake_pressure": 1.3325062990964316e-09,
    "lidar_temp_c": 7.543605020950727e-09,
    "compute_load_pct": 8.52135389578318e-10
  },
  "drifted_feature_count": 4,
  "max_drift_score": 7.543605020950727e-09
}