{
  "generated_at": "2026-07-23T00:06:57.041031+00:00",
  "html_report": "data_drift_20260723T000656Z.html",
  "window_size": 50,
  "feature_scores": {
    "speed_mph": 8.378637194444722e-11,
    "brake_pressure": 3.182844566615983e-11,
    "lidar_temp_c": 5.419238756078555e-10,
    "compute_load_pct": 1.8747848610628524e-07
  },
  "drifted_feature_count": 4,
  "max_drift_score": 1.8747848610628524e-07
}