{
  "generated_at": "2026-07-23T00:17:47.035796+00:00",
  "html_report": "data_drift_20260723T001746Z.html",
  "window_size": 50,
  "feature_scores": {
    "speed_mph": 7.543605020950727e-09,
    "brake_pressure": 2.072234044508264e-09,
    "lidar_temp_c": 7.543605020950727e-09,
    "compute_load_pct": 2.387957661696139e-06
  },
  "drifted_feature_count": 4,
  "max_drift_score": 2.387957661696139e-06
}