{
  "generated_at": "2026-07-23T00:13:04.258194+00:00",
  "html_report": "data_drift_20260723T001303Z.html",
  "window_size": 50,
  "feature_scores": {
    "speed_mph": 1.1809820393606536e-11,
    "brake_pressure": 5.179168251277617e-11,
    "lidar_temp_c": 5.419238756078555e-10,
    "compute_load_pct": 3.427199087935361e-10
  },
  "drifted_feature_count": 4,
  "max_drift_score": 5.419238756078555e-10
}