{
  "generated_at": "2026-07-23T00:10:51.151817+00:00",
  "html_report": "data_drift_20260723T001050Z.html",
  "window_size": 50,
  "feature_scores": {
    "speed_mph": 2.706309772372463e-16,
    "brake_pressure": 3.1398105328036254e-15,
    "lidar_temp_c": 1.7537231580038654e-13,
    "compute_load_pct": 3.034193927177243e-13
  },
  "drifted_feature_count": 4,
  "max_drift_score": 3.034193927177243e-13
}