{
  "generated_at": "2026-07-23T00:03:27.088825+00:00",
  "html_report": "data_drift_20260723T000326Z.html",
  "window_size": 50,
  "feature_scores": {
    "speed_mph": 3.976456018982548e-07,
    "brake_pressure": 3.976456018982548e-07,
    "lidar_temp_c": 0.00025231408365600455,
    "compute_load_pct": 1.7484135125363746e-05
  },
  "drifted_feature_count": 4,
  "max_drift_score": 0.00025231408365600455
}