{
  "generated_at": "2026-07-23T00:17:46.037125+00:00",
  "html_report": "data_drift_20260723T001745Z.html",
  "window_size": 50,
  "feature_scores": {
    "speed_mph": 2.1552232953672983e-10,
    "brake_pressure": 3.205053315887109e-09,
    "lidar_temp_c": 7.543605020950727e-09,
    "compute_load_pct": 2.6171156558240124e-08
  },
  "drifted_feature_count": 4,
  "max_drift_score": 2.6171156558240124e-08
}