{
  "generated_at": "2026-07-23T00:10:07.023875+00:00",
  "html_report": "data_drift_20260723T001006Z.html",
  "window_size": 50,
  "feature_scores": {
    "speed_mph": 1.5125423168580682e-12,
    "brake_pressure": 1.5125423168580682e-12,
    "lidar_temp_c": 8.91022313827994e-13,
    "compute_load_pct": 1.9445425227899833e-11
  },
  "drifted_feature_count": 4,
  "max_drift_score": 1.9445425227899833e-11
}