{
  "generated_at": "2026-07-23T00:15:19.851644+00:00",
  "html_report": "data_drift_20260723T001412Z.html",
  "window_size": 50,
  "feature_scores": {
    "speed_mph": 7.007002724420268e-19,
    "brake_pressure": 3.4722508658109455e-19,
    "lidar_temp_c": 3.1398105328036254e-15,
    "compute_load_pct": 2.706309772372463e-16
  },
  "drifted_feature_count": 4,
  "max_drift_score": 3.1398105328036254e-15
}