{
  "generated_at": "2026-07-23T00:03:08.041702+00:00",
  "html_report": "data_drift_20260723T000307Z.html",
  "window_size": 50,
  "feature_scores": {
    "speed_mph": 1.1831420237665045e-06,
    "brake_pressure": 8.266907718865675e-07,
    "lidar_temp_c": 0.0004342269385476108,
    "compute_load_pct": 0.00025231408365600455
  },
  "drifted_feature_count": 4,
  "max_drift_score": 0.0004342269385476108
}