{
  "generated_at": "2026-07-23T00:08:59.019032+00:00",
  "html_report": "data_drift_20260723T000858Z.html",
  "window_size": 50,
  "feature_scores": {
    "speed_mph": 3.034193927177243e-13,
    "brake_pressure": 8.91022313827994e-13,
    "lidar_temp_c": 1.1809820393606536e-11,
    "compute_load_pct": 8.378637194444722e-11
  },
  "drifted_feature_count": 4,
  "max_drift_score": 8.378637194444722e-11
}