{
  "generated_at": "2026-07-23T00:03:48.033308+00:00",
  "html_report": "data_drift_20260723T000347Z.html",
  "window_size": 50,
  "feature_scores": {
    "speed_mph": 5.842394211803587e-08,
    "brake_pressure": 2.737269745456871e-07,
    "lidar_temp_c": 8.266907718865675e-07,
    "compute_load_pct": 5.997262604711804e-05
  },
  "drifted_feature_count": 4,
  "max_drift_score": 5.997262604711804e-05
}