{
  "generated_at": "2026-07-23T00:10:12.096621+00:00",
  "html_report": "data_drift_20260723T001011Z.html",
  "window_size": 50,
  "feature_scores": {
    "speed_mph": 1.2775685178883248e-07,
    "brake_pressure": 5.842394211803587e-08,
    "lidar_temp_c": 2.6171156558240124e-08,
    "compute_load_pct": 8.266907718865675e-07
  },
  "drifted_feature_count": 4,
  "max_drift_score": 8.266907718865675e-07
}