{
  "generated_at": "2026-07-23T00:09:30.070680+00:00",
  "html_report": "data_drift_20260723T000929Z.html",
  "window_size": 50,
  "feature_scores": {
    "speed_mph": 1.0699689423937606e-17,
    "brake_pressure": 9.351430761923555e-16,
    "lidar_temp_c": 1.0250772442945007e-14,
    "compute_load_pct": 1.5125423168580682e-12
  },
  "drifted_feature_count": 4,
  "max_drift_score": 1.5125423168580682e-12
}