{
  "generated_at": "2026-07-23T00:19:04.827368+00:00",
  "html_report": "data_drift_20260723T001904Z.html",
  "window_size": 50,
  "feature_scores": {
    "speed_mph": 2.072234044508264e-09,
    "brake_pressure": 7.543605020950727e-09,
    "lidar_temp_c": 3.920451560972566e-08,
    "compute_load_pct": 4.72677170410894e-06
  },
  "drifted_feature_count": 4,
  "max_drift_score": 4.72677170410894e-06
}