{
  "generated_at": "2026-07-23T00:18:48.503937+00:00",
  "html_report": "data_drift_20260723T001848Z.html",
  "window_size": 50,
  "feature_scores": {
    "speed_mph": 2.551683135564056e-12,
    "brake_pressure": 8.91022313827994e-13,
    "lidar_temp_c": 2.1552232953672983e-10,
    "compute_load_pct": 3.205053315887109e-09
  },
  "drifted_feature_count": 4,
  "max_drift_score": 3.205053315887109e-09
}